age,memory_score,attention_score,recall_score,reaction_score,reaction_time_ms,previous_accuracy,weak_area,recommended_activity,recommended_difficulty
83,74.0,73.0,62.0,72.0,602.0,76.0,recall,Number Recall,Easy
69,81.0,55.0,65.0,69.0,643.0,76.0,attention,Attention Challenge,Easy
62,80.0,53.0,70.0,83.0,463.0,82.0,attention,Attention Challenge,Easy
75,87.0,71.0,60.0,78.0,530.0,74.0,recall,Word Recall,Easy
73,85.0,58.0,55.0,69.0,637.0,80.0,recall,Number Recall,Easy
77,84.0,53.0,74.0,62.0,723.0,74.0,attention,Attention Challenge,Easy
65,100.0,60.0,69.0,82.0,477.0,91.0,attention,Attention Challenge,Easy
65,79.0,58.0,66.0,68.0,644.0,71.0,attention,Attention Challenge,Easy
78,100.0,55.0,73.0,83.0,465.0,88.0,attention,Attention Challenge,Easy
90,80.0,50.0,51.0,56.0,804.0,72.0,attention,Attention Challenge,Easy
78,74.0,75.0,76.0,80.0,500.0,69.0,memory,Memory Match,Medium
57,71.0,91.0,66.0,70.0,627.0,71.0,recall,Word Recall,Medium
76,93.0,67.0,75.0,74.0,570.0,61.0,attention,Attention Challenge,Medium
56,95.0,71.0,78.0,51.0,863.0,82.0,reaction,Reaction Test,Easy
78,82.0,76.0,88.0,74.0,578.0,66.0,reaction,Reaction Test,Medium
84,89.0,73.0,73.0,81.0,488.0,74.0,attention,Attention Challenge,Medium
56,60.0,55.0,87.0,70.0,627.0,86.0,attention,Attention Challenge,Easy
75,56.0,94.0,67.0,70.0,624.0,85.0,memory,Memory Match,Easy
87,90.0,57.0,68.0,78.0,531.0,64.0,attention,Attention Challenge,Easy
66,73.0,78.0,71.0,86.0,419.0,81.0,recall,Word Recall,Medium
76,84.0,76.0,83.0,81.0,487.0,89.0,attention,Attention Challenge,Medium
79,66.0,39.0,81.0,68.0,656.0,72.0,attention,Attention Challenge,Easy
81,95.0,63.0,74.0,93.0,340.0,83.0,attention,Attention Challenge,Easy
82,57.0,69.0,55.0,78.0,520.0,67.0,recall,Word Recall,Easy
70,58.0,70.0,81.0,66.0,669.0,82.0,memory,Memory Match,Easy
69,92.0,73.0,60.0,77.0,539.0,79.0,recall,Word Recall,Easy
57,44.0,79.0,59.0,55.0,811.0,85.0,memory,Memory Match,Easy
61,80.0,68.0,56.0,93.0,341.0,84.0,recall,Word Recall,Easy
75,74.0,73.0,71.0,85.0,435.0,64.0,recall,Number Recall,Medium
63,66.0,67.0,89.0,98.0,272.0,79.0,memory,Memory Match,Medium
72,73.0,53.0,58.0,57.0,789.0,93.0,attention,Attention Challenge,Easy
58,65.0,68.0,96.0,85.0,437.0,56.0,memory,Memory Match,Medium
79,94.0,79.0,85.0,95.0,312.0,88.0,attention,Attention Challenge,Medium
68,97.0,85.0,51.0,82.0,477.0,94.0,recall,Word Recall,Easy
63,67.0,76.0,67.0,89.0,383.0,63.0,memory,Memory Match,Medium
80,78.0,88.0,57.0,82.0,477.0,71.0,recall,Word Recall,Easy
56,59.0,74.0,81.0,76.0,555.0,83.0,memory,Memory Match,Easy
74,88.0,81.0,58.0,68.0,647.0,69.0,recall,Word Recall,Easy
82,88.0,82.0,49.0,78.0,529.0,92.0,recall,Number Recall,Easy
61,71.0,65.0,67.0,76.0,553.0,89.0,attention,Attention Challenge,Medium
62,75.0,79.0,88.0,82.0,480.0,64.0,memory,Memory Match,Medium
89,74.0,54.0,69.0,90.0,369.0,71.0,attention,Attention Challenge,Easy
68,56.0,73.0,78.0,94.0,328.0,86.0,memory,Memory Match,Easy
71,94.0,77.0,78.0,80.0,506.0,85.0,attention,Attention Challenge,Medium
90,66.0,84.0,51.0,75.0,560.0,100.0,recall,Number Recall,Easy
58,66.0,80.0,59.0,80.0,497.0,69.0,recall,Word Recall,Easy
56,73.0,84.0,72.0,93.0,333.0,93.0,recall,Number Recall,Medium
60,87.0,67.0,64.0,74.0,574.0,69.0,recall,Word Recall,Easy
58,68.0,63.0,96.0,60.0,746.0,83.0,reaction,Reaction Test,Easy
83,52.0,64.0,55.0,77.0,536.0,87.0,memory,Memory Match,Easy
72,64.0,72.0,59.0,82.0,480.0,48.0,recall,Number Recall,Easy
80,80.0,41.0,76.0,77.0,543.0,87.0,attention,Attention Challenge,Easy
88,100.0,88.0,63.0,87.0,417.0,92.0,recall,Number Recall,Easy
64,60.0,69.0,32.0,87.0,410.0,89.0,recall,Word Recall,Easy
90,59.0,62.0,99.0,72.0,604.0,99.0,memory,Memory Match,Easy
68,57.0,30.0,57.0,66.0,669.0,88.0,attention,Attention Challenge,Easy
85,55.0,67.0,80.0,77.0,532.0,73.0,memory,Memory Match,Easy
69,89.0,65.0,54.0,95.0,313.0,90.0,recall,Word Recall,Easy
62,93.0,55.0,60.0,73.0,592.0,72.0,attention,Attention Challenge,Easy
68,77.0,58.0,49.0,56.0,798.0,79.0,recall,Word Recall,Easy
77,69.0,68.0,62.0,78.0,521.0,86.0,recall,Number Recall,Easy
75,96.0,59.0,63.0,78.0,529.0,82.0,attention,Attention Challenge,Easy
70,77.0,77.0,70.0,84.0,445.0,92.0,recall,Number Recall,Medium
72,88.0,57.0,67.0,71.0,608.0,100.0,attention,Attention Challenge,Easy
78,69.0,70.0,52.0,82.0,469.0,67.0,recall,Number Recall,Easy
80,76.0,86.0,65.0,66.0,673.0,75.0,recall,Word Recall,Medium
79,60.0,67.0,92.0,82.0,471.0,81.0,memory,Memory Match,Easy
83,83.0,73.0,91.0,73.0,591.0,73.0,attention,Attention Challenge,Medium
69,77.0,72.0,78.0,76.0,544.0,77.0,attention,Attention Challenge,Medium
55,64.0,68.0,81.0,61.0,737.0,86.0,reaction,Reaction Test,Easy
79,64.0,67.0,100.0,72.0,599.0,84.0,memory,Memory Match,Easy
61,94.0,59.0,80.0,63.0,716.0,80.0,attention,Attention Challenge,Easy
63,99.0,70.0,81.0,75.0,563.0,79.0,attention,Attention Challenge,Medium
78,72.0,64.0,50.0,78.0,530.0,76.0,recall,Word Recall,Easy
55,76.0,91.0,56.0,76.0,545.0,92.0,recall,Number Recall,Easy
62,80.0,80.0,72.0,83.0,457.0,95.0,recall,Word Recall,Medium
78,77.0,46.0,61.0,71.0,614.0,88.0,attention,Attention Challenge,Easy
65,55.0,47.0,58.0,83.0,467.0,67.0,attention,Attention Challenge,Easy
71,80.0,66.0,60.0,75.0,563.0,75.0,recall,Number Recall,Easy
62,50.0,62.0,52.0,68.0,653.0,80.0,memory,Memory Match,Easy
89,66.0,65.0,61.0,61.0,740.0,69.0,recall,Number Recall,Easy
89,81.0,78.0,77.0,74.0,570.0,79.0,reaction,Reaction Test,Medium
87,82.0,73.0,97.0,68.0,653.0,78.0,reaction,Reaction Test,Medium
59,65.0,73.0,83.0,69.0,639.0,89.0,memory,Memory Match,Medium
82,69.0,90.0,81.0,80.0,504.0,73.0,memory,Memory Match,Medium
61,68.0,47.0,49.0,56.0,803.0,90.0,attention,Attention Challenge,Easy
63,74.0,70.0,74.0,82.0,481.0,68.0,attention,Attention Challenge,Medium
62,75.0,59.0,71.0,75.0,561.0,70.0,attention,Attention Challenge,Easy
66,83.0,90.0,76.0,62.0,724.0,74.0,reaction,Reaction Test,Easy
88,69.0,35.0,67.0,62.0,722.0,78.0,attention,Attention Challenge,Easy
87,79.0,36.0,95.0,76.0,552.0,54.0,attention,Attention Challenge,Easy
77,81.0,73.0,73.0,66.0,669.0,83.0,reaction,Reaction Test,Medium
78,77.0,85.0,74.0,78.0,523.0,95.0,recall,Number Recall,Medium
89,72.0,80.0,45.0,81.0,491.0,85.0,recall,Word Recall,Easy
76,77.0,56.0,71.0,88.0,404.0,76.0,attention,Attention Challenge,Easy
81,84.0,91.0,88.0,69.0,637.0,67.0,reaction,Reaction Test,Medium
89,85.0,50.0,80.0,68.0,650.0,60.0,attention,Attention Challenge,Easy
55,97.0,88.0,42.0,81.0,482.0,62.0,recall,Word Recall,Easy
89,63.0,52.0,66.0,73.0,582.0,77.0,attention,Attention Challenge,Easy
68,70.0,63.0,96.0,51.0,868.0,99.0,reaction,Reaction Test,Easy
57,56.0,78.0,70.0,65.0,688.0,51.0,memory,Memory Match,Easy
55,86.0,46.0,77.0,85.0,442.0,85.0,attention,Attention Challenge,Easy
59,71.0,90.0,95.0,66.0,670.0,71.0,reaction,Reaction Test,Medium
80,77.0,63.0,70.0,85.0,442.0,75.0,attention,Attention Challenge,Easy
68,68.0,70.0,83.0,100.0,250.0,69.0,memory,Memory Match,Medium
81,71.0,85.0,78.0,76.0,548.0,64.0,memory,Memory Match,Medium
63,90.0,56.0,81.0,61.0,738.0,79.0,attention,Attention Challenge,Easy
69,83.0,84.0,77.0,63.0,718.0,81.0,reaction,Reaction Test,Easy
69,74.0,93.0,64.0,72.0,595.0,85.0,recall,Number Recall,Easy
80,84.0,58.0,66.0,81.0,485.0,61.0,attention,Attention Challenge,Easy
67,84.0,89.0,60.0,71.0,608.0,87.0,recall,Number Recall,Easy
86,70.0,42.0,49.0,79.0,518.0,87.0,attention,Attention Challenge,Easy
86,57.0,74.0,89.0,81.0,488.0,82.0,memory,Memory Match,Easy
58,64.0,50.0,72.0,66.0,677.0,74.0,attention,Attention Challenge,Easy
84,59.0,82.0,89.0,81.0,487.0,81.0,memory,Memory Match,Easy
77,89.0,81.0,94.0,65.0,685.0,76.0,reaction,Reaction Test,Medium
69,91.0,99.0,73.0,82.0,479.0,88.0,recall,Number Recall,Medium
83,94.0,89.0,54.0,56.0,797.0,74.0,recall,Word Recall,Easy
90,51.0,66.0,69.0,92.0,353.0,79.0,memory,Memory Match,Easy
67,88.0,52.0,63.0,85.0,435.0,61.0,attention,Attention Challenge,Easy
86,100.0,76.0,44.0,78.0,531.0,81.0,recall,Number Recall,Easy
61,88.0,67.0,65.0,95.0,312.0,71.0,recall,Word Recall,Medium
76,49.0,91.0,71.0,100.0,250.0,83.0,memory,Memory Match,Easy
82,96.0,36.0,63.0,95.0,313.0,86.0,attention,Attention Challenge,Easy
56,76.0,100.0,61.0,79.0,515.0,72.0,recall,Number Recall,Easy
60,72.0,76.0,54.0,79.0,518.0,78.0,recall,Word Recall,Easy
82,80.0,56.0,75.0,73.0,590.0,80.0,attention,Attention Challenge,Easy
82,62.0,79.0,98.0,78.0,526.0,82.0,memory,Memory Match,Easy
74,75.0,87.0,90.0,73.0,586.0,86.0,reaction,Reaction Test,Medium
84,94.0,70.0,81.0,80.0,496.0,85.0,attention,Attention Challenge,Medium
65,82.0,42.0,81.0,69.0,636.0,74.0,attention,Attention Challenge,Easy
82,76.0,64.0,70.0,70.0,621.0,94.0,attention,Attention Challenge,Easy
79,76.0,84.0,47.0,79.0,511.0,86.0,recall,Number Recall,Easy
87,61.0,75.0,67.0,71.0,614.0,92.0,memory,Memory Match,Easy
55,73.0,66.0,58.0,78.0,527.0,81.0,recall,Number Recall,Easy
81,55.0,88.0,74.0,91.0,367.0,82.0,memory,Memory Match,Easy
67,87.0,79.0,89.0,67.0,659.0,77.0,reaction,Reaction Test,Medium
57,49.0,80.0,100.0,85.0,441.0,74.0,memory,Memory Match,Easy
60,85.0,62.0,73.0,67.0,657.0,88.0,attention,Attention Challenge,Easy
62,87.0,60.0,49.0,73.0,589.0,81.0,recall,Word Recall,Easy
81,91.0,43.0,73.0,77.0,540.0,77.0,attention,Attention Challenge,Easy
63,76.0,64.0,73.0,94.0,325.0,68.0,attention,Attention Challenge,Easy
87,86.0,82.0,82.0,61.0,735.0,94.0,reaction,Reaction Test,Easy
78,73.0,65.0,72.0,80.0,506.0,79.0,attention,Attention Challenge,Medium
69,61.0,75.0,73.0,70.0,626.0,66.0,memory,Memory Match,Easy
86,93.0,85.0,63.0,77.0,536.0,79.0,recall,Word Recall,Easy
86,74.0,74.0,68.0,79.0,517.0,76.0,recall,Number Recall,Medium
78,58.0,75.0,79.0,74.0,573.0,76.0,memory,Memory Match,Easy
66,69.0,48.0,44.0,76.0,553.0,84.0,recall,Number Recall,Easy
56,70.0,63.0,68.0,79.0,518.0,76.0,attention,Attention Challenge,Easy
57,81.0,94.0,82.0,77.0,543.0,75.0,reaction,Reaction Test,Medium
71,100.0,70.0,95.0,72.0,601.0,92.0,attention,Attention Challenge,Medium
56,81.0,96.0,66.0,71.0,610.0,61.0,recall,Number Recall,Medium
56,77.0,57.0,89.0,76.0,555.0,77.0,attention,Attention Challenge,Easy
82,100.0,72.0,96.0,70.0,625.0,87.0,reaction,Reaction Test,Medium
77,87.0,62.0,67.0,80.0,499.0,84.0,attention,Attention Challenge,Easy
86,78.0,77.0,64.0,55.0,817.0,88.0,reaction,Reaction Test,Easy
87,69.0,81.0,69.0,62.0,728.0,98.0,reaction,Reaction Test,Easy
55,79.0,77.0,71.0,69.0,641.0,95.0,reaction,Reaction Test,Medium
73,74.0,84.0,87.0,95.0,317.0,66.0,memory,Memory Match,Medium
56,76.0,68.0,61.0,70.0,623.0,62.0,recall,Number Recall,Easy
80,91.0,65.0,94.0,79.0,510.0,81.0,attention,Attention Challenge,Medium
86,69.0,42.0,61.0,85.0,433.0,64.0,attention,Attention Challenge,Easy
60,81.0,78.0,54.0,79.0,507.0,59.0,recall,Word Recall,Easy
86,86.0,71.0,79.0,84.0,446.0,81.0,attention,Attention Challenge,Medium
58,67.0,67.0,89.0,71.0,611.0,84.0,memory,Memory Match,Medium
65,65.0,65.0,75.0,60.0,744.0,95.0,reaction,Reaction Test,Easy
71,73.0,67.0,78.0,68.0,649.0,86.0,attention,Attention Challenge,Medium
78,69.0,64.0,99.0,49.0,882.0,97.0,reaction,Reaction Test,Easy
59,89.0,60.0,89.0,91.0,364.0,82.0,attention,Attention Challenge,Easy
88,63.0,72.0,72.0,81.0,489.0,67.0,memory,Memory Match,Easy
60,76.0,75.0,66.0,85.0,437.0,86.0,recall,Word Recall,Medium
76,100.0,56.0,87.0,64.0,698.0,91.0,attention,Attention Challenge,Easy
65,80.0,62.0,84.0,78.0,524.0,82.0,attention,Attention Challenge,Easy
70,82.0,65.0,78.0,74.0,573.0,93.0,attention,Attention Challenge,Medium
87,89.0,68.0,67.0,70.0,626.0,77.0,recall,Word Recall,Medium
63,69.0,66.0,71.0,90.0,375.0,83.0,attention,Attention Challenge,Medium
60,62.0,78.0,70.0,82.0,475.0,76.0,memory,Memory Match,Easy
70,77.0,43.0,68.0,66.0,670.0,100.0,attention,Attention Challenge,Easy
83,78.0,46.0,64.0,81.0,484.0,86.0,attention,Attention Challenge,Easy
57,56.0,71.0,76.0,92.0,344.0,67.0,memory,Memory Match,Easy
74,80.0,59.0,63.0,85.0,442.0,97.0,attention,Attention Challenge,Easy
90,88.0,81.0,74.0,79.0,516.0,71.0,recall,Number Recall,Medium
73,64.0,86.0,43.0,74.0,570.0,78.0,recall,Word Recall,Easy
80,80.0,72.0,64.0,77.0,542.0,83.0,recall,Number Recall,Easy
57,86.0,52.0,87.0,82.0,476.0,83.0,attention,Attention Challenge,Easy
73,82.0,84.0,59.0,67.0,663.0,83.0,recall,Number Recall,Easy
74,83.0,71.0,80.0,77.0,535.0,67.0,attention,Attention Challenge,Medium
86,72.0,46.0,61.0,74.0,575.0,83.0,attention,Attention Challenge,Easy
61,61.0,47.0,83.0,81.0,483.0,89.0,attention,Attention Challenge,Easy
87,70.0,91.0,68.0,62.0,731.0,89.0,reaction,Reaction Test,Easy
72,68.0,88.0,67.0,80.0,503.0,65.0,recall,Word Recall,Medium
55,74.0,30.0,73.0,75.0,559.0,71.0,attention,Attention Challenge,Easy
65,88.0,48.0,53.0,66.0,674.0,68.0,attention,Attention Challenge,Easy
82,59.0,85.0,86.0,73.0,584.0,81.0,memory,Memory Match,Easy
79,77.0,68.0,90.0,74.0,581.0,62.0,attention,Attention Challenge,Medium
77,62.0,79.0,67.0,95.0,313.0,67.0,memory,Memory Match,Easy
85,66.0,67.0,79.0,69.0,632.0,71.0,memory,Memory Match,Medium
84,82.0,78.0,83.0,75.0,557.0,60.0,reaction,Reaction Test,Medium
89,61.0,68.0,71.0,71.0,615.0,78.0,memory,Memory Match,Easy
61,84.0,61.0,56.0,74.0,572.0,57.0,recall,Number Recall,Easy
70,59.0,84.0,94.0,81.0,483.0,83.0,memory,Memory Match,Easy
80,83.0,71.0,67.0,67.0,657.0,74.0,recall,Number Recall,Medium
56,56.0,78.0,63.0,74.0,574.0,72.0,memory,Memory Match,Easy
55,68.0,70.0,95.0,88.0,395.0,73.0,memory,Memory Match,Medium
66,98.0,61.0,81.0,63.0,707.0,77.0,attention,Attention Challenge,Easy
59,96.0,92.0,76.0,90.0,378.0,84.0,recall,Number Recall,Medium
86,70.0,73.0,58.0,67.0,658.0,91.0,recall,Word Recall,Easy
63,80.0,63.0,83.0,62.0,728.0,88.0,reaction,Reaction Test,Easy
89,89.0,87.0,100.0,87.0,417.0,100.0,attention,Attention Challenge,Hard
73,83.0,48.0,84.0,77.0,535.0,85.0,attention,Attention Challenge,Easy
70,72.0,100.0,79.0,78.0,524.0,79.0,memory,Memory Match,Medium
57,66.0,65.0,82.0,78.0,529.0,73.0,attention,Attention Challenge,Medium
74,85.0,49.0,67.0,58.0,770.0,74.0,attention,Attention Challenge,Easy
78,89.0,97.0,67.0,86.0,419.0,83.0,recall,Number Recall,Medium
87,96.0,61.0,67.0,79.0,513.0,68.0,attention,Attention Challenge,Easy
78,55.0,72.0,64.0,62.0,730.0,80.0,memory,Memory Match,Easy
65,60.0,79.0,67.0,79.0,511.0,78.0,memory,Memory Match,Easy
62,89.0,86.0,67.0,85.0,438.0,71.0,recall,Number Recall,Medium
90,56.0,72.0,69.0,73.0,582.0,67.0,memory,Memory Match,Easy
74,90.0,58.0,68.0,68.0,647.0,100.0,attention,Attention Challenge,Easy
89,72.0,71.0,75.0,80.0,503.0,64.0,attention,Attention Challenge,Medium
79,69.0,62.0,73.0,71.0,617.0,77.0,attention,Attention Challenge,Easy
89,77.0,72.0,74.0,89.0,385.0,90.0,attention,Attention Challenge,Medium
79,59.0,92.0,93.0,89.0,391.0,83.0,memory,Memory Match,Easy
83,85.0,79.0,73.0,80.0,497.0,73.0,recall,Word Recall,Medium
72,95.0,71.0,100.0,70.0,621.0,66.0,reaction,Reaction Test,Medium
72,85.0,79.0,77.0,69.0,641.0,79.0,reaction,Reaction Test,Medium
56,72.0,80.0,66.0,87.0,408.0,52.0,recall,Number Recall,Medium
89,57.0,52.0,91.0,69.0,637.0,80.0,attention,Attention Challenge,Easy
70,57.0,69.0,71.0,74.0,570.0,78.0,memory,Memory Match,Easy
90,59.0,100.0,38.0,84.0,444.0,89.0,recall,Word Recall,Easy
87,75.0,86.0,72.0,89.0,390.0,67.0,recall,Number Recall,Medium
58,76.0,60.0,69.0,74.0,578.0,75.0,attention,Attention Challenge,Easy
87,85.0,59.0,94.0,64.0,705.0,82.0,attention,Attention Challenge,Easy
68,53.0,58.0,59.0,76.0,554.0,80.0,memory,Memory Match,Easy
75,91.0,81.0,67.0,85.0,438.0,65.0,recall,Number Recall,Medium
74,83.0,92.0,90.0,94.0,326.0,72.0,memory,Memory Match,Hard
62,71.0,77.0,78.0,61.0,734.0,92.0,reaction,Reaction Test,Easy
61,61.0,70.0,70.0,66.0,675.0,81.0,memory,Memory Match,Easy
57,90.0,61.0,61.0,73.0,586.0,61.0,attention,Attention Challenge,Easy
71,71.0,73.0,77.0,62.0,727.0,87.0,reaction,Reaction Test,Easy
87,75.0,56.0,72.0,74.0,577.0,62.0,attention,Attention Challenge,Easy
66,80.0,39.0,61.0,81.0,486.0,75.0,attention,Attention Challenge,Easy
76,64.0,93.0,62.0,71.0,617.0,84.0,recall,Number Recall,Easy
76,72.0,53.0,61.0,84.0,450.0,90.0,attention,Attention Challenge,Easy
84,85.0,63.0,58.0,86.0,431.0,55.0,recall,Number Recall,Easy
62,84.0,78.0,85.0,69.0,643.0,85.0,reaction,Reaction Test,Medium
81,84.0,90.0,83.0,68.0,653.0,87.0,reaction,Reaction Test,Medium
81,61.0,72.0,85.0,88.0,397.0,72.0,memory,Memory Match,Easy
88,72.0,50.0,72.0,88.0,402.0,79.0,attention,Attention Challenge,Easy
75,70.0,63.0,69.0,80.0,497.0,47.0,attention,Attention Challenge,Easy
84,80.0,58.0,69.0,83.0,465.0,51.0,attention,Attention Challenge,Easy
87,79.0,67.0,86.0,71.0,607.0,89.0,attention,Attention Challenge,Medium
82,77.0,86.0,47.0,76.0,556.0,73.0,recall,Number Recall,Easy
87,100.0,30.0,65.0,65.0,690.0,75.0,attention,Attention Challenge,Easy
59,72.0,62.0,60.0,73.0,588.0,80.0,recall,Number Recall,Easy
73,70.0,61.0,91.0,82.0,473.0,74.0,attention,Attention Challenge,Easy
58,61.0,49.0,65.0,94.0,323.0,73.0,attention,Attention Challenge,Easy
89,57.0,77.0,49.0,74.0,572.0,82.0,recall,Word Recall,Easy
71,60.0,47.0,75.0,92.0,345.0,63.0,attention,Attention Challenge,Easy
82,66.0,49.0,67.0,82.0,471.0,90.0,attention,Attention Challenge,Easy
84,91.0,81.0,64.0,83.0,463.0,76.0,recall,Number Recall,Easy
83,75.0,91.0,63.0,81.0,489.0,68.0,recall,Word Recall,Easy
60,77.0,67.0,62.0,89.0,392.0,67.0,recall,Number Recall,Easy
89,74.0,50.0,82.0,83.0,463.0,78.0,attention,Attention Challenge,Easy
78,79.0,57.0,75.0,65.0,688.0,75.0,attention,Attention Challenge,Easy
83,92.0,83.0,69.0,65.0,687.0,63.0,reaction,Reaction Test,Medium
85,51.0,70.0,57.0,61.0,734.0,72.0,memory,Memory Match,Easy
89,90.0,66.0,70.0,76.0,551.0,70.0,attention,Attention Challenge,Medium
87,45.0,73.0,76.0,73.0,583.0,91.0,memory,Memory Match,Easy
75,75.0,67.0,76.0,65.0,689.0,79.0,reaction,Reaction Test,Medium
86,100.0,91.0,74.0,90.0,374.0,94.0,recall,Number Recall,Medium
77,83.0,57.0,59.0,68.0,647.0,71.0,attention,Attention Challenge,Easy
87,79.0,55.0,38.0,64.0,706.0,75.0,recall,Number Recall,Easy
57,99.0,47.0,97.0,85.0,443.0,82.0,attention,Attention Challenge,Easy
72,67.0,60.0,54.0,63.0,716.0,84.0,recall,Number Recall,Easy
79,80.0,52.0,44.0,56.0,797.0,85.0,recall,Word Recall,Easy
85,82.0,71.0,74.0,69.0,643.0,69.0,reaction,Reaction Test,Medium
57,69.0,68.0,48.0,70.0,621.0,69.0,recall,Word Recall,Easy
78,70.0,52.0,61.0,87.0,416.0,74.0,attention,Attention Challenge,Easy
86,68.0,77.0,80.0,66.0,678.0,93.0,reaction,Reaction Test,Medium
76,76.0,91.0,97.0,86.0,427.0,68.0,memory,Memory Match,Medium
77,82.0,73.0,77.0,72.0,594.0,73.0,reaction,Reaction Test,Medium
56,76.0,30.0,66.0,71.0,607.0,85.0,attention,Attention Challenge,Easy
81,84.0,98.0,71.0,100.0,250.0,85.0,recall,Word Recall,Medium
56,51.0,79.0,47.0,72.0,599.0,84.0,recall,Number Recall,Easy
80,72.0,97.0,66.0,51.0,865.0,79.0,reaction,Reaction Test,Easy
71,63.0,84.0,66.0,96.0,299.0,67.0,memory,Memory Match,Easy
87,79.0,87.0,74.0,76.0,544.0,71.0,recall,Word Recall,Medium
63,78.0,71.0,99.0,95.0,316.0,89.0,attention,Attention Challenge,Medium
83,74.0,64.0,45.0,85.0,443.0,86.0,recall,Word Recall,Easy
80,81.0,74.0,66.0,95.0,318.0,65.0,recall,Number Recall,Medium
89,87.0,57.0,46.0,74.0,569.0,87.0,recall,Word Recall,Easy
79,74.0,75.0,65.0,68.0,645.0,91.0,recall,Number Recall,Medium
78,62.0,29.0,60.0,72.0,599.0,79.0,attention,Attention Challenge,Easy
67,56.0,69.0,51.0,85.0,438.0,82.0,recall,Number Recall,Easy
61,75.0,88.0,85.0,82.0,477.0,88.0,memory,Memory Match,Medium
90,78.0,69.0,76.0,73.0,583.0,71.0,attention,Attention Challenge,Medium
74,63.0,94.0,83.0,85.0,442.0,100.0,memory,Memory Match,Easy
55,84.0,64.0,65.0,89.0,391.0,90.0,attention,Attention Challenge,Easy
62,69.0,83.0,71.0,78.0,521.0,83.0,memory,Memory Match,Medium
70,55.0,55.0,94.0,85.0,437.0,78.0,memory,Memory Match,Easy
68,90.0,82.0,72.0,72.0,599.0,83.0,recall,Word Recall,Medium
66,89.0,71.0,83.0,64.0,706.0,62.0,reaction,Reaction Test,Easy
77,51.0,65.0,63.0,51.0,862.0,99.0,memory,Memory Match,Easy
69,68.0,29.0,82.0,73.0,591.0,89.0,attention,Attention Challenge,Easy
82,68.0,64.0,64.0,70.0,628.0,93.0,attention,Attention Challenge,Easy
88,95.0,71.0,45.0,82.0,478.0,78.0,recall,Number Recall,Easy
56,74.0,80.0,72.0,81.0,486.0,74.0,recall,Word Recall,Medium
86,57.0,91.0,65.0,64.0,704.0,71.0,memory,Memory Match,Easy
77,86.0,99.0,49.0,79.0,517.0,86.0,recall,Word Recall,Easy
76,60.0,87.0,75.0,75.0,559.0,73.0,memory,Memory Match,Easy
79,72.0,60.0,59.0,64.0,697.0,76.0,recall,Word Recall,Easy
76,66.0,63.0,100.0,79.0,518.0,83.0,attention,Attention Challenge,Easy
76,68.0,79.0,51.0,62.0,730.0,71.0,recall,Word Recall,Easy
60,86.0,76.0,55.0,70.0,619.0,88.0,recall,Number Recall,Easy
69,93.0,92.0,84.0,72.0,605.0,78.0,reaction,Reaction Test,Medium
87,60.0,100.0,70.0,82.0,472.0,63.0,memory,Memory Match,Easy
62,83.0,100.0,84.0,71.0,611.0,71.0,reaction,Reaction Test,Medium
59,66.0,90.0,77.0,80.0,499.0,91.0,memory,Memory Match,Medium
58,67.0,76.0,64.0,72.0,606.0,69.0,recall,Word Recall,Easy
60,81.0,88.0,53.0,77.0,538.0,87.0,recall,Number Recall,Easy
86,63.0,93.0,87.0,67.0,666.0,79.0,memory,Memory Match,Easy
84,81.0,66.0,54.0,76.0,546.0,76.0,recall,Number Recall,Easy
89,84.0,60.0,80.0,56.0,795.0,100.0,reaction,Reaction Test,Easy
70,70.0,56.0,85.0,79.0,517.0,65.0,attention,Attention Challenge,Easy
67,91.0,55.0,70.0,81.0,486.0,71.0,attention,Attention Challenge,Easy
84,60.0,47.0,68.0,73.0,592.0,78.0,attention,Attention Challenge,Easy
73,91.0,72.0,58.0,66.0,679.0,100.0,recall,Word Recall,Easy
71,52.0,53.0,78.0,66.0,678.0,78.0,memory,Memory Match,Easy
73,100.0,56.0,30.0,74.0,570.0,81.0,recall,Word Recall,Easy
82,70.0,79.0,82.0,73.0,591.0,75.0,memory,Memory Match,Medium
80,61.0,71.0,74.0,73.0,591.0,82.0,memory,Memory Match,Easy
80,72.0,74.0,69.0,86.0,421.0,75.0,recall,Number Recall,Medium
77,62.0,88.0,75.0,66.0,673.0,85.0,memory,Memory Match,Easy
63,80.0,81.0,53.0,88.0,399.0,86.0,recall,Number Recall,Easy
66,91.0,91.0,38.0,86.0,421.0,76.0,recall,Word Recall,Easy
55,63.0,69.0,79.0,75.0,557.0,67.0,memory,Memory Match,Easy
55,82.0,92.0,90.0,79.0,512.0,79.0,reaction,Reaction Test,Medium
88,57.0,73.0,48.0,68.0,646.0,92.0,recall,Number Recall,Easy
86,87.0,71.0,57.0,72.0,604.0,70.0,recall,Word Recall,Easy
79,80.0,90.0,83.0,75.0,567.0,81.0,reaction,Reaction Test,Medium
55,88.0,55.0,77.0,87.0,415.0,66.0,attention,Attention Challenge,Easy
70,74.0,98.0,100.0,76.0,553.0,68.0,memory,Memory Match,Medium
59,70.0,64.0,87.0,76.0,544.0,91.0,attention,Attention Challenge,Easy
76,85.0,50.0,84.0,74.0,577.0,85.0,attention,Attention Challenge,Easy
83,59.0,78.0,61.0,80.0,498.0,81.0,memory,Memory Match,Easy
57,54.0,62.0,79.0,71.0,613.0,55.0,memory,Memory Match,Easy
66,75.0,98.0,93.0,79.0,508.0,72.0,memory,Memory Match,Medium
80,70.0,62.0,70.0,72.0,601.0,84.0,attention,Attention Challenge,Easy
70,82.0,73.0,70.0,68.0,646.0,64.0,reaction,Reaction Test,Medium
76,88.0,47.0,74.0,81.0,486.0,74.0,attention,Attention Challenge,Easy
83,81.0,80.0,63.0,83.0,457.0,86.0,recall,Word Recall,Easy
68,87.0,56.0,76.0,71.0,607.0,63.0,attention,Attention Challenge,Easy
82,79.0,78.0,75.0,89.0,391.0,61.0,recall,Word Recall,Medium
59,81.0,62.0,93.0,65.0,683.0,63.0,attention,Attention Challenge,Easy
84,74.0,37.0,69.0,76.0,551.0,81.0,attention,Attention Challenge,Easy
59,81.0,70.0,81.0,77.0,536.0,72.0,attention,Attention Challenge,Medium
66,77.0,69.0,70.0,71.0,616.0,87.0,attention,Attention Challenge,Medium
70,79.0,81.0,81.0,71.0,608.0,79.0,reaction,Reaction Test,Medium
80,73.0,91.0,68.0,76.0,551.0,97.0,recall,Word Recall,Medium
80,85.0,97.0,80.0,68.0,655.0,66.0,reaction,Reaction Test,Medium
75,66.0,81.0,82.0,82.0,469.0,81.0,memory,Memory Match,Medium
90,75.0,72.0,57.0,69.0,635.0,70.0,recall,Number Recall,Easy
87,91.0,47.0,87.0,86.0,421.0,84.0,attention,Attention Challenge,Easy
84,64.0,71.0,70.0,71.0,611.0,79.0,memory,Memory Match,Easy
77,49.0,71.0,65.0,79.0,511.0,68.0,memory,Memory Match,Easy
64,79.0,65.0,62.0,89.0,393.0,76.0,recall,Number Recall,Easy
59,72.0,77.0,76.0,74.0,581.0,79.0,memory,Memory Match,Medium
90,87.0,85.0,72.0,76.0,546.0,72.0,recall,Number Recall,Medium
88,73.0,56.0,77.0,91.0,365.0,85.0,attention,Attention Challenge,Easy
85,68.0,55.0,77.0,96.0,296.0,68.0,attention,Attention Challenge,Easy
64,74.0,66.0,81.0,77.0,532.0,99.0,attention,Attention Challenge,Medium
73,88.0,59.0,100.0,60.0,744.0,88.0,attention,Attention Challenge,Easy
86,82.0,43.0,73.0,73.0,589.0,81.0,attention,Attention Challenge,Easy
55,46.0,53.0,62.0,82.0,470.0,100.0,memory,Memory Match,Easy
59,77.0,50.0,44.0,66.0,680.0,75.0,recall,Word Recall,Easy
58,78.0,86.0,55.0,67.0,659.0,84.0,recall,Number Recall,Easy
70,75.0,94.0,89.0,64.0,703.0,80.0,reaction,Reaction Test,Easy
78,68.0,52.0,82.0,69.0,632.0,86.0,attention,Attention Challenge,Easy
70,89.0,76.0,53.0,68.0,656.0,93.0,recall,Word Recall,Easy
56,90.0,81.0,100.0,69.0,638.0,83.0,reaction,Reaction Test,Medium
82,49.0,46.0,77.0,81.0,493.0,88.0,attention,Attention Challenge,Easy
86,65.0,70.0,78.0,92.0,354.0,72.0,memory,Memory Match,Medium
81,73.0,100.0,100.0,81.0,487.0,76.0,memory,Memory Match,Medium
74,86.0,78.0,96.0,65.0,683.0,94.0,reaction,Reaction Test,Medium
78,75.0,64.0,83.0,80.0,504.0,84.0,attention,Attention Challenge,Easy
66,67.0,60.0,84.0,77.0,533.0,80.0,attention,Attention Challenge,Easy
89,84.0,38.0,85.0,87.0,410.0,70.0,attention,Attention Challenge,Easy
87,72.0,75.0,69.0,81.0,484.0,88.0,recall,Number Recall,Medium
87,74.0,97.0,76.0,76.0,549.0,70.0,memory,Memory Match,Medium
66,75.0,56.0,80.0,71.0,609.0,67.0,attention,Attention Challenge,Easy
57,82.0,39.0,70.0,80.0,495.0,79.0,attention,Attention Challenge,Easy
55,71.0,58.0,58.0,81.0,487.0,54.0,attention,Attention Challenge,Easy
87,83.0,81.0,68.0,68.0,651.0,84.0,recall,Word Recall,Medium
64,74.0,62.0,58.0,73.0,589.0,82.0,recall,Number Recall,Easy
83,62.0,56.0,73.0,72.0,604.0,74.0,attention,Attention Challenge,Easy
67,75.0,68.0,47.0,61.0,733.0,75.0,recall,Number Recall,Easy
66,63.0,71.0,77.0,81.0,489.0,77.0,memory,Memory Match,Easy
85,75.0,47.0,49.0,76.0,544.0,70.0,attention,Attention Challenge,Easy
56,85.0,65.0,66.0,71.0,616.0,80.0,attention,Attention Challenge,Medium
89,62.0,61.0,79.0,84.0,445.0,76.0,attention,Attention Challenge,Easy
77,79.0,58.0,83.0,74.0,577.0,79.0,attention,Attention Challenge,Easy
71,65.0,53.0,81.0,76.0,553.0,76.0,attention,Attention Challenge,Easy
80,77.0,82.0,76.0,49.0,883.0,74.0,reaction,Reaction Test,Easy
62,85.0,58.0,56.0,75.0,562.0,81.0,recall,Number Recall,Easy
83,49.0,38.0,86.0,65.0,689.0,86.0,attention,Attention Challenge,Easy
80,62.0,72.0,57.0,68.0,650.0,73.0,recall,Number Recall,Easy
64,71.0,79.0,87.0,87.0,411.0,82.0,memory,Memory Match,Medium
80,79.0,56.0,81.0,91.0,364.0,83.0,attention,Attention Challenge,Easy
88,73.0,60.0,91.0,74.0,580.0,65.0,attention,Attention Challenge,Easy
61,74.0,58.0,72.0,64.0,701.0,88.0,attention,Attention Challenge,Easy
58,100.0,63.0,61.0,73.0,585.0,99.0,recall,Word Recall,Easy
65,60.0,85.0,54.0,75.0,559.0,77.0,recall,Number Recall,Easy
83,89.0,66.0,55.0,79.0,516.0,76.0,recall,Word Recall,Easy
90,71.0,81.0,49.0,89.0,391.0,76.0,recall,Number Recall,Easy
79,82.0,53.0,85.0,85.0,435.0,84.0,attention,Attention Challenge,Easy
75,100.0,62.0,87.0,92.0,355.0,83.0,attention,Attention Challenge,Easy
90,83.0,82.0,80.0,87.0,418.0,62.0,recall,Word Recall,Medium
64,79.0,56.0,72.0,81.0,487.0,69.0,attention,Attention Challenge,Easy
63,94.0,83.0,100.0,69.0,643.0,83.0,reaction,Reaction Test,Medium
78,88.0,59.0,71.0,80.0,497.0,77.0,attention,Attention Challenge,Easy
89,65.0,63.0,75.0,74.0,581.0,66.0,attention,Attention Challenge,Easy
89,79.0,93.0,71.0,75.0,566.0,93.0,recall,Number Recall,Medium
90,54.0,61.0,67.0,71.0,610.0,70.0,memory,Memory Match,Easy
72,69.0,70.0,81.0,86.0,426.0,78.0,memory,Memory Match,Medium
86,79.0,77.0,63.0,66.0,677.0,76.0,recall,Word Recall,Easy
78,68.0,71.0,62.0,90.0,381.0,67.0,recall,Number Recall,Easy
77,78.0,72.0,82.0,80.0,496.0,80.0,attention,Attention Challenge,Medium
86,75.0,67.0,65.0,76.0,547.0,82.0,recall,Number Recall,Medium
66,81.0,48.0,74.0,69.0,641.0,73.0,attention,Attention Challenge,Easy
67,70.0,73.0,67.0,63.0,716.0,75.0,reaction,Reaction Test,Easy
77,64.0,57.0,72.0,69.0,642.0,84.0,attention,Attention Challenge,Easy
79,93.0,80.0,63.0,62.0,720.0,58.0,reaction,Reaction Test,Easy
89,69.0,89.0,63.0,84.0,450.0,70.0,recall,Word Recall,Easy
84,83.0,41.0,61.0,65.0,693.0,80.0,attention,Attention Challenge,Easy
71,92.0,89.0,84.0,66.0,672.0,73.0,reaction,Reaction Test,Medium
74,77.0,62.0,74.0,99.0,262.0,73.0,attention,Attention Challenge,Easy
79,65.0,66.0,85.0,78.0,524.0,87.0,memory,Memory Match,Medium
76,73.0,54.0,86.0,70.0,622.0,72.0,attention,Attention Challenge,Easy
67,87.0,71.0,66.0,81.0,488.0,98.0,recall,Word Recall,Medium
73,77.0,69.0,84.0,86.0,420.0,60.0,attention,Attention Challenge,Medium
90,61.0,84.0,72.0,56.0,804.0,56.0,reaction,Reaction Test,Easy
66,82.0,57.0,70.0,75.0,563.0,87.0,attention,Attention Challenge,Easy
73,84.0,93.0,90.0,75.0,567.0,68.0,reaction,Reaction Test,Medium
66,71.0,78.0,80.0,89.0,393.0,68.0,memory,Memory Match,Medium
63,82.0,69.0,67.0,82.0,477.0,88.0,recall,Word Recall,Medium
61,78.0,65.0,79.0,85.0,442.0,73.0,attention,Attention Challenge,Medium
82,73.0,63.0,54.0,66.0,679.0,87.0,recall,Word Recall,Easy
68,59.0,64.0,75.0,71.0,611.0,72.0,memory,Memory Match,Easy
85,88.0,71.0,51.0,81.0,482.0,82.0,recall,Word Recall,Easy
73,84.0,65.0,58.0,71.0,617.0,73.0,recall,Number Recall,Easy
70,82.0,58.0,80.0,78.0,520.0,69.0,attention,Attention Challenge,Easy
59,94.0,71.0,35.0,74.0,578.0,95.0,recall,Number Recall,Easy
89,86.0,55.0,97.0,74.0,578.0,89.0,attention,Attention Challenge,Easy
66,83.0,73.0,84.0,72.0,600.0,71.0,reaction,Reaction Test,Medium
79,48.0,65.0,46.0,73.0,586.0,76.0,recall,Word Recall,Easy
75,89.0,78.0,100.0,72.0,601.0,93.0,reaction,Reaction Test,Medium
90,76.0,83.0,100.0,64.0,701.0,68.0,reaction,Reaction Test,Easy
77,79.0,83.0,69.0,70.0,627.0,69.0,recall,Number Recall,Medium
70,79.0,73.0,59.0,79.0,510.0,83.0,recall,Word Recall,Easy
68,84.0,75.0,96.0,77.0,538.0,100.0,attention,Attention Challenge,Medium
85,88.0,63.0,67.0,64.0,698.0,79.0,attention,Attention Challenge,Easy
59,83.0,78.0,74.0,75.0,563.0,88.0,recall,Number Recall,Medium
89,81.0,80.0,89.0,80.0,505.0,68.0,attention,Attention Challenge,Medium
77,78.0,44.0,70.0,82.0,474.0,82.0,attention,Attention Challenge,Easy
83,35.0,74.0,69.0,73.0,583.0,74.0,memory,Memory Match,Easy
65,72.0,89.0,54.0,84.0,447.0,97.0,recall,Number Recall,Easy
72,64.0,63.0,63.0,64.0,704.0,94.0,attention,Attention Challenge,Easy
66,90.0,59.0,68.0,86.0,425.0,100.0,attention,Attention Challenge,Easy
63,82.0,62.0,55.0,62.0,727.0,71.0,recall,Word Recall,Easy
64,70.0,45.0,56.0,79.0,516.0,78.0,attention,Attention Challenge,Easy
71,71.0,70.0,72.0,86.0,421.0,82.0,attention,Attention Challenge,Medium
61,70.0,68.0,46.0,74.0,573.0,71.0,recall,Number Recall,Easy
67,70.0,71.0,60.0,85.0,436.0,79.0,recall,Word Recall,Easy
63,58.0,74.0,99.0,76.0,554.0,87.0,memory,Memory Match,Easy
81,55.0,56.0,67.0,82.0,481.0,72.0,memory,Memory Match,Easy
56,75.0,72.0,65.0,67.0,663.0,71.0,recall,Number Recall,Medium
59,88.0,75.0,67.0,75.0,566.0,70.0,recall,Word Recall,Medium
83,69.0,61.0,67.0,87.0,407.0,65.0,attention,Attention Challenge,Easy
73,79.0,74.0,80.0,82.0,478.0,87.0,attention,Attention Challenge,Medium
62,84.0,69.0,79.0,69.0,635.0,71.0,attention,Attention Challenge,Medium
55,63.0,59.0,67.0,64.0,704.0,70.0,attention,Attention Challenge,Easy
76,75.0,72.0,69.0,76.0,545.0,83.0,recall,Number Recall,Medium
71,67.0,64.0,90.0,86.0,425.0,78.0,attention,Attention Challenge,Easy
61,94.0,78.0,51.0,66.0,676.0,73.0,recall,Number Recall,Easy
79,94.0,64.0,71.0,69.0,634.0,86.0,attention,Attention Challenge,Easy
58,63.0,49.0,74.0,63.0,707.0,72.0,attention,Attention Challenge,Easy
90,80.0,72.0,61.0,73.0,585.0,56.0,recall,Word Recall,Easy
60,88.0,71.0,70.0,81.0,488.0,91.0,recall,Number Recall,Medium
85,85.0,52.0,59.0,71.0,612.0,70.0,attention,Attention Challenge,Easy
73,76.0,79.0,81.0,73.0,589.0,71.0,reaction,Reaction Test,Medium
81,91.0,78.0,53.0,82.0,481.0,71.0,recall,Word Recall,Easy
64,64.0,55.0,87.0,74.0,574.0,79.0,attention,Attention Challenge,Easy
80,71.0,58.0,71.0,78.0,527.0,75.0,attention,Attention Challenge,Easy
73,64.0,66.0,66.0,69.0,639.0,88.0,memory,Memory Match,Easy
57,84.0,57.0,58.0,71.0,609.0,94.0,attention,Attention Challenge,Easy
67,68.0,78.0,86.0,86.0,424.0,71.0,memory,Memory Match,Medium
82,73.0,70.0,63.0,87.0,412.0,69.0,recall,Word Recall,Easy
74,82.0,52.0,56.0,77.0,539.0,73.0,attention,Attention Challenge,Easy
82,83.0,56.0,87.0,76.0,554.0,82.0,attention,Attention Challenge,Easy
62,64.0,86.0,59.0,69.0,641.0,77.0,recall,Number Recall,Easy
55,88.0,91.0,71.0,71.0,612.0,73.0,recall,Word Recall,Medium
57,80.0,76.0,83.0,62.0,725.0,65.0,reaction,Reaction Test,Easy
67,62.0,65.0,74.0,80.0,494.0,56.0,memory,Memory Match,Easy
82,59.0,61.0,96.0,81.0,487.0,68.0,memory,Memory Match,Easy
79,75.0,76.0,60.0,85.0,435.0,91.0,recall,Word Recall,Easy
87,85.0,69.0,69.0,69.0,640.0,82.0,attention,Attention Challenge,Medium
60,86.0,44.0,70.0,76.0,553.0,76.0,attention,Attention Challenge,Easy
86,79.0,83.0,81.0,94.0,328.0,85.0,memory,Memory Match,Medium
75,76.0,88.0,90.0,74.0,574.0,65.0,reaction,Reaction Test,Medium
70,81.0,79.0,73.0,73.0,582.0,79.0,recall,Number Recall,Medium
75,65.0,52.0,70.0,77.0,533.0,60.0,attention,Attention Challenge,Easy
65,95.0,58.0,51.0,73.0,586.0,81.0,recall,Number Recall,Easy
90,95.0,40.0,74.0,88.0,404.0,81.0,attention,Attention Challenge,Easy
89,80.0,92.0,63.0,60.0,747.0,81.0,reaction,Reaction Test,Easy
73,77.0,63.0,81.0,72.0,596.0,90.0,attention,Attention Challenge,Easy
74,70.0,100.0,66.0,93.0,337.0,86.0,recall,Number Recall,Medium
72,81.0,97.0,69.0,76.0,549.0,66.0,recall,Word Recall,Medium
68,67.0,54.0,52.0,72.0,599.0,90.0,recall,Number Recall,Easy
69,48.0,57.0,47.0,87.0,416.0,76.0,recall,Word Recall,Easy
85,42.0,75.0,98.0,71.0,614.0,58.0,memory,Memory Match,Easy
55,65.0,42.0,74.0,60.0,752.0,77.0,attention,Attention Challenge,Easy
57,77.0,61.0,78.0,82.0,473.0,84.0,attention,Attention Challenge,Easy
70,79.0,60.0,59.0,72.0,601.0,68.0,recall,Word Recall,Easy
77,69.0,96.0,84.0,74.0,575.0,91.0,memory,Memory Match,Medium
65,77.0,70.0,82.0,67.0,666.0,69.0,reaction,Reaction Test,Medium
66,72.0,64.0,61.0,77.0,537.0,73.0,recall,Number Recall,Easy
64,63.0,59.0,57.0,86.0,422.0,71.0,recall,Word Recall,Easy
86,74.0,81.0,62.0,67.0,659.0,61.0,recall,Number Recall,Easy
70,85.0,61.0,72.0,86.0,429.0,68.0,attention,Attention Challenge,Easy
62,64.0,67.0,74.0,59.0,767.0,71.0,reaction,Reaction Test,Easy
66,64.0,58.0,73.0,71.0,617.0,77.0,attention,Attention Challenge,Easy
78,62.0,45.0,90.0,82.0,478.0,48.0,attention,Attention Challenge,Easy
82,52.0,53.0,62.0,65.0,683.0,85.0,memory,Memory Match,Easy
62,69.0,60.0,57.0,76.0,549.0,85.0,recall,Number Recall,Easy
82,84.0,64.0,72.0,78.0,523.0,90.0,attention,Attention Challenge,Easy
90,77.0,65.0,48.0,83.0,468.0,63.0,recall,Number Recall,Easy
80,73.0,67.0,82.0,94.0,325.0,75.0,attention,Attention Challenge,Medium
62,77.0,61.0,73.0,70.0,623.0,87.0,attention,Attention Challenge,Easy
82,69.0,88.0,67.0,92.0,355.0,88.0,recall,Word Recall,Medium
82,52.0,82.0,66.0,84.0,455.0,93.0,memory,Memory Match,Easy
90,84.0,66.0,85.0,72.0,602.0,79.0,attention,Attention Challenge,Medium
81,88.0,72.0,84.0,81.0,490.0,77.0,attention,Attention Challenge,Medium
71,66.0,62.0,69.0,74.0,569.0,62.0,attention,Attention Challenge,Easy
63,73.0,25.0,80.0,88.0,404.0,89.0,attention,Attention Challenge,Easy
87,72.0,68.0,84.0,79.0,508.0,73.0,attention,Attention Challenge,Medium
74,79.0,73.0,77.0,74.0,570.0,78.0,attention,Attention Challenge,Medium
67,95.0,44.0,69.0,85.0,436.0,78.0,attention,Attention Challenge,Easy
82,89.0,75.0,77.0,60.0,752.0,54.0,reaction,Reaction Test,Easy
83,70.0,64.0,57.0,82.0,474.0,70.0,recall,Word Recall,Easy
67,82.0,73.0,73.0,63.0,715.0,83.0,reaction,Reaction Test,Easy
89,90.0,64.0,69.0,78.0,530.0,78.0,attention,Attention Challenge,Easy
60,80.0,87.0,67.0,91.0,362.0,83.0,recall,Number Recall,Medium
72,75.0,71.0,48.0,87.0,414.0,86.0,recall,Word Recall,Easy
59,80.0,83.0,58.0,74.0,571.0,70.0,recall,Number Recall,Easy
79,67.0,84.0,65.0,66.0,674.0,73.0,recall,Word Recall,Medium
56,68.0,51.0,85.0,59.0,762.0,77.0,attention,Attention Challenge,Easy
64,62.0,57.0,76.0,75.0,565.0,86.0,attention,Attention Challenge,Easy
84,79.0,75.0,85.0,87.0,409.0,76.0,attention,Attention Challenge,Medium
59,73.0,63.0,89.0,73.0,583.0,60.0,attention,Attention Challenge,Easy
87,65.0,64.0,77.0,84.0,451.0,76.0,attention,Attention Challenge,Easy
55,73.0,87.0,74.0,72.0,597.0,85.0,reaction,Reaction Test,Medium
72,81.0,63.0,58.0,85.0,437.0,92.0,recall,Number Recall,Easy
86,98.0,53.0,100.0,96.0,299.0,81.0,attention,Attention Challenge,Easy
65,87.0,55.0,52.0,63.0,708.0,63.0,recall,Number Recall,Easy
75,48.0,100.0,74.0,78.0,523.0,74.0,memory,Memory Match,Easy
80,78.0,65.0,84.0,76.0,556.0,83.0,attention,Attention Challenge,Medium
79,92.0,48.0,84.0,66.0,670.0,87.0,attention,Attention Challenge,Easy
76,59.0,41.0,56.0,58.0,775.0,83.0,attention,Attention Challenge,Easy
81,82.0,59.0,66.0,69.0,636.0,75.0,attention,Attention Challenge,Easy
67,72.0,65.0,61.0,75.0,562.0,87.0,recall,Number Recall,Easy
87,89.0,82.0,44.0,72.0,606.0,72.0,recall,Word Recall,Easy
88,80.0,81.0,74.0,79.0,515.0,80.0,recall,Number Recall,Medium
89,64.0,68.0,62.0,76.0,554.0,85.0,recall,Word Recall,Easy
55,73.0,61.0,93.0,75.0,567.0,84.0,attention,Attention Challenge,Easy
75,73.0,73.0,81.0,84.0,456.0,84.0,memory,Memory Match,Medium
60,74.0,42.0,73.0,76.0,553.0,84.0,attention,Attention Challenge,Easy
82,88.0,98.0,65.0,72.0,594.0,68.0,recall,Word Recall,Medium
71,65.0,78.0,74.0,71.0,612.0,78.0,memory,Memory Match,Medium
59,87.0,81.0,68.0,72.0,602.0,69.0,recall,Word Recall,Medium
85,71.0,52.0,73.0,89.0,389.0,75.0,attention,Attention Challenge,Easy
59,78.0,87.0,99.0,64.0,698.0,66.0,reaction,Reaction Test,Easy
57,76.0,61.0,57.0,65.0,688.0,81.0,recall,Number Recall,Easy
77,75.0,54.0,70.0,77.0,538.0,58.0,attention,Attention Challenge,Easy
64,75.0,67.0,82.0,72.0,605.0,84.0,attention,Attention Challenge,Medium
64,92.0,67.0,66.0,78.0,524.0,78.0,recall,Word Recall,Medium
73,85.0,52.0,94.0,69.0,640.0,97.0,attention,Attention Challenge,Easy
71,71.0,55.0,81.0,84.0,452.0,76.0,attention,Attention Challenge,Easy
75,94.0,53.0,62.0,63.0,711.0,76.0,attention,Attention Challenge,Easy
68,78.0,54.0,75.0,69.0,634.0,85.0,attention,Attention Challenge,Easy
63,79.0,62.0,62.0,69.0,637.0,77.0,attention,Attention Challenge,Easy
55,65.0,47.0,61.0,77.0,537.0,81.0,attention,Attention Challenge,Easy
67,69.0,58.0,70.0,90.0,380.0,88.0,attention,Attention Challenge,Easy
58,67.0,84.0,90.0,68.0,656.0,75.0,memory,Memory Match,Medium
55,76.0,80.0,82.0,89.0,384.0,90.0,memory,Memory Match,Medium
86,83.0,52.0,72.0,67.0,658.0,61.0,attention,Attention Challenge,Easy
88,79.0,82.0,83.0,83.0,457.0,94.0,memory,Memory Match,Medium
82,94.0,39.0,76.0,91.0,360.0,60.0,attention,Attention Challenge,Easy
85,64.0,100.0,56.0,76.0,550.0,92.0,recall,Number Recall,Easy
62,76.0,88.0,70.0,65.0,692.0,59.0,reaction,Reaction Test,Medium
80,60.0,60.0,71.0,85.0,434.0,98.0,memory,Memory Match,Easy
88,64.0,74.0,83.0,61.0,742.0,80.0,reaction,Reaction Test,Easy
57,90.0,47.0,64.0,70.0,629.0,69.0,attention,Attention Challenge,Easy
66,69.0,69.0,59.0,74.0,569.0,97.0,recall,Word Recall,Easy
55,65.0,65.0,71.0,80.0,498.0,67.0,memory,Memory Match,Medium
59,49.0,55.0,63.0,80.0,506.0,76.0,memory,Memory Match,Easy
84,65.0,61.0,67.0,72.0,602.0,100.0,attention,Attention Challenge,Easy
84,73.0,59.0,71.0,68.0,652.0,82.0,attention,Attention Challenge,Easy
71,59.0,51.0,67.0,82.0,479.0,58.0,attention,Attention Challenge,Easy
77,72.0,55.0,85.0,84.0,453.0,75.0,attention,Attention Challenge,Easy
69,90.0,46.0,92.0,78.0,524.0,74.0,attention,Attention Challenge,Easy
75,67.0,81.0,84.0,63.0,717.0,80.0,reaction,Reaction Test,Easy
68,64.0,54.0,47.0,88.0,404.0,78.0,recall,Number Recall,Easy
56,62.0,50.0,63.0,65.0,687.0,83.0,attention,Attention Challenge,Easy
65,61.0,81.0,69.0,76.0,555.0,63.0,memory,Memory Match,Easy
88,81.0,74.0,46.0,92.0,352.0,73.0,recall,Word Recall,Easy
88,76.0,80.0,60.0,80.0,495.0,81.0,recall,Number Recall,Easy
72,86.0,82.0,69.0,70.0,623.0,70.0,recall,Word Recall,Medium
84,99.0,97.0,66.0,59.0,766.0,89.0,reaction,Reaction Test,Easy
69,53.0,66.0,72.0,89.0,391.0,71.0,memory,Memory Match,Easy
81,80.0,46.0,53.0,100.0,250.0,79.0,attention,Attention Challenge,Easy
88,62.0,72.0,66.0,89.0,393.0,77.0,memory,Memory Match,Easy
87,84.0,58.0,74.0,65.0,686.0,68.0,attention,Attention Challenge,Easy
78,72.0,54.0,72.0,93.0,335.0,79.0,attention,Attention Challenge,Easy
69,75.0,69.0,78.0,62.0,730.0,65.0,reaction,Reaction Test,Easy
84,60.0,81.0,77.0,64.0,696.0,74.0,memory,Memory Match,Easy
71,70.0,55.0,66.0,74.0,573.0,78.0,attention,Attention Challenge,Easy
59,76.0,87.0,74.0,82.0,475.0,64.0,recall,Word Recall,Medium
83,91.0,53.0,61.0,75.0,557.0,84.0,attention,Attention Challenge,Easy
58,65.0,64.0,68.0,70.0,623.0,81.0,attention,Attention Challenge,Easy
64,68.0,74.0,57.0,72.0,605.0,83.0,recall,Number Recall,Easy
71,86.0,62.0,87.0,59.0,759.0,78.0,reaction,Reaction Test,Easy
64,65.0,41.0,68.0,78.0,519.0,66.0,attention,Attention Challenge,Easy
71,89.0,82.0,87.0,88.0,394.0,78.0,attention,Attention Challenge,Medium
74,75.0,59.0,76.0,90.0,373.0,84.0,attention,Attention Challenge,Easy
78,79.0,79.0,60.0,92.0,349.0,66.0,recall,Word Recall,Easy
59,79.0,49.0,76.0,74.0,574.0,67.0,attention,Attention Challenge,Easy
88,68.0,52.0,83.0,78.0,522.0,76.0,attention,Attention Challenge,Easy
60,80.0,81.0,71.0,76.0,554.0,74.0,recall,Number Recall,Medium
56,66.0,73.0,73.0,81.0,486.0,78.0,memory,Memory Match,Medium
67,69.0,61.0,64.0,87.0,417.0,75.0,attention,Attention Challenge,Easy
65,82.0,73.0,72.0,70.0,624.0,80.0,reaction,Reaction Test,Medium
77,79.0,54.0,75.0,100.0,254.0,90.0,attention,Attention Challenge,Easy
70,74.0,70.0,64.0,84.0,454.0,83.0,recall,Word Recall,Easy
85,60.0,70.0,57.0,68.0,644.0,79.0,recall,Number Recall,Easy
65,63.0,62.0,90.0,85.0,442.0,67.0,attention,Attention Challenge,Easy
70,78.0,55.0,80.0,72.0,597.0,71.0,attention,Attention Challenge,Easy
62,84.0,69.0,64.0,84.0,454.0,86.0,recall,Word Recall,Easy
58,62.0,67.0,75.0,80.0,495.0,73.0,memory,Memory Match,Easy
58,65.0,61.0,51.0,70.0,619.0,68.0,recall,Word Recall,Easy
79,77.0,52.0,44.0,88.0,397.0,99.0,recall,Number Recall,Easy
57,76.0,68.0,87.0,69.0,639.0,93.0,attention,Attention Challenge,Medium
86,56.0,61.0,75.0,76.0,556.0,77.0,memory,Memory Match,Easy
57,77.0,52.0,71.0,64.0,701.0,67.0,attention,Attention Challenge,Easy
81,68.0,69.0,75.0,74.0,575.0,85.0,memory,Memory Match,Medium
83,95.0,92.0,100.0,86.0,422.0,73.0,reaction,Reaction Test,Hard
86,78.0,62.0,84.0,59.0,757.0,87.0,reaction,Reaction Test,Easy
73,80.0,90.0,57.0,85.0,432.0,73.0,recall,Word Recall,Easy
75,80.0,100.0,48.0,78.0,523.0,94.0,recall,Number Recall,Easy
59,60.0,54.0,87.0,67.0,665.0,73.0,attention,Attention Challenge,Easy
72,98.0,68.0,84.0,94.0,324.0,100.0,attention,Attention Challenge,Medium
82,56.0,100.0,80.0,62.0,723.0,80.0,memory,Memory Match,Easy
76,85.0,66.0,61.0,87.0,412.0,92.0,recall,Number Recall,Easy
75,82.0,69.0,77.0,80.0,495.0,73.0,attention,Attention Challenge,Medium
60,69.0,43.0,62.0,73.0,585.0,65.0,attention,Attention Challenge,Easy
55,83.0,60.0,81.0,76.0,545.0,55.0,attention,Attention Challenge,Easy
59,71.0,76.0,86.0,68.0,645.0,91.0,reaction,Reaction Test,Medium
66,67.0,100.0,64.0,91.0,358.0,79.0,recall,Word Recall,Easy
80,81.0,65.0,88.0,69.0,637.0,66.0,attention,Attention Challenge,Medium
88,63.0,43.0,74.0,68.0,647.0,91.0,attention,Attention Challenge,Easy
68,72.0,47.0,79.0,66.0,674.0,90.0,attention,Attention Challenge,Easy
80,68.0,67.0,54.0,91.0,359.0,92.0,recall,Word Recall,Easy
81,71.0,86.0,75.0,90.0,374.0,65.0,memory,Memory Match,Medium
63,80.0,78.0,63.0,79.0,509.0,90.0,recall,Word Recall,Easy
80,68.0,75.0,79.0,89.0,387.0,82.0,memory,Memory Match,Medium
76,73.0,88.0,93.0,93.0,334.0,92.0,memory,Memory Match,Medium
84,69.0,57.0,76.0,80.0,504.0,83.0,attention,Attention Challenge,Easy
71,92.0,68.0,59.0,74.0,578.0,80.0,recall,Word Recall,Easy
80,79.0,60.0,81.0,49.0,886.0,91.0,reaction,Reaction Test,Easy
90,78.0,64.0,78.0,71.0,616.0,87.0,attention,Attention Challenge,Easy
55,83.0,53.0,100.0,59.0,760.0,89.0,attention,Attention Challenge,Easy
62,68.0,63.0,76.0,76.0,545.0,73.0,attention,Attention Challenge,Easy
89,85.0,68.0,64.0,71.0,617.0,76.0,recall,Number Recall,Easy
69,79.0,62.0,83.0,77.0,532.0,61.0,attention,Attention Challenge,Easy
76,56.0,66.0,70.0,50.0,872.0,72.0,reaction,Reaction Test,Easy
68,58.0,74.0,73.0,83.0,468.0,86.0,memory,Memory Match,Easy
80,68.0,87.0,59.0,81.0,484.0,84.0,recall,Number Recall,Easy
82,59.0,88.0,70.0,68.0,646.0,68.0,memory,Memory Match,Easy
77,72.0,79.0,72.0,74.0,575.0,91.0,memory,Memory Match,Medium
68,63.0,49.0,70.0,80.0,499.0,100.0,attention,Attention Challenge,Easy
78,74.0,63.0,64.0,67.0,665.0,69.0,attention,Attention Challenge,Easy
56,92.0,64.0,76.0,76.0,545.0,76.0,attention,Attention Challenge,Easy
80,74.0,58.0,59.0,76.0,544.0,72.0,attention,Attention Challenge,Easy
68,71.0,73.0,56.0,74.0,578.0,77.0,recall,Word Recall,Easy
61,80.0,44.0,82.0,93.0,342.0,81.0,attention,Attention Challenge,Easy
57,67.0,93.0,81.0,91.0,359.0,71.0,memory,Memory Match,Medium
77,85.0,86.0,54.0,66.0,680.0,75.0,recall,Number Recall,Easy
72,81.0,75.0,46.0,82.0,469.0,79.0,recall,Word Recall,Easy
89,75.0,67.0,58.0,77.0,534.0,83.0,recall,Number Recall,Easy
69,77.0,86.0,70.0,61.0,743.0,93.0,reaction,Reaction Test,Easy
79,100.0,78.0,88.0,77.0,539.0,78.0,reaction,Reaction Test,Medium
82,86.0,85.0,70.0,78.0,525.0,72.0,recall,Word Recall,Medium
64,100.0,67.0,61.0,67.0,658.0,85.0,recall,Number Recall,Easy
71,81.0,95.0,74.0,82.0,478.0,82.0,recall,Word Recall,Medium
76,57.0,86.0,70.0,64.0,694.0,76.0,memory,Memory Match,Easy
80,72.0,76.0,53.0,68.0,655.0,83.0,recall,Word Recall,Easy
79,55.0,87.0,53.0,58.0,770.0,74.0,recall,Number Recall,Easy
71,81.0,62.0,53.0,83.0,467.0,73.0,recall,Word Recall,Easy
67,84.0,50.0,100.0,63.0,714.0,59.0,attention,Attention Challenge,Easy
74,64.0,73.0,84.0,71.0,616.0,75.0,memory,Memory Match,Easy
79,67.0,67.0,64.0,89.0,391.0,60.0,recall,Number Recall,Easy
58,77.0,65.0,88.0,100.0,250.0,72.0,attention,Attention Challenge,Medium
64,61.0,86.0,64.0,84.0,454.0,84.0,memory,Memory Match,Easy
57,60.0,71.0,87.0,73.0,585.0,63.0,memory,Memory Match,Easy
72,90.0,72.0,73.0,72.0,602.0,76.0,attention,Attention Challenge,Medium
90,76.0,63.0,63.0,77.0,543.0,79.0,attention,Attention Challenge,Easy
76,68.0,81.0,82.0,76.0,544.0,76.0,memory,Memory Match,Medium
88,55.0,79.0,74.0,77.0,535.0,73.0,memory,Memory Match,Easy
62,85.0,81.0,78.0,66.0,674.0,81.0,reaction,Reaction Test,Medium
73,67.0,61.0,75.0,90.0,378.0,83.0,attention,Attention Challenge,Easy
60,97.0,88.0,75.0,73.0,582.0,78.0,reaction,Reaction Test,Medium
80,85.0,96.0,83.0,84.0,451.0,74.0,recall,Word Recall,Hard
88,65.0,81.0,100.0,85.0,441.0,87.0,memory,Memory Match,Medium
60,66.0,56.0,89.0,65.0,691.0,65.0,attention,Attention Challenge,Easy
87,96.0,56.0,75.0,85.0,432.0,85.0,attention,Attention Challenge,Easy
76,74.0,62.0,68.0,77.0,533.0,82.0,attention,Attention Challenge,Easy
75,69.0,60.0,69.0,57.0,785.0,80.0,reaction,Reaction Test,Easy
60,75.0,67.0,54.0,68.0,651.0,78.0,recall,Word Recall,Easy
60,69.0,77.0,81.0,80.0,495.0,59.0,memory,Memory Match,Medium
58,78.0,72.0,58.0,80.0,505.0,92.0,recall,Word Recall,Easy
84,74.0,71.0,67.0,88.0,403.0,86.0,recall,Number Recall,Medium
65,86.0,64.0,81.0,64.0,706.0,68.0,attention,Attention Challenge,Easy
84,70.0,67.0,69.0,66.0,671.0,86.0,reaction,Reaction Test,Medium
85,64.0,80.0,65.0,69.0,632.0,80.0,memory,Memory Match,Easy
78,71.0,38.0,55.0,68.0,646.0,72.0,attention,Attention Challenge,Easy
63,71.0,68.0,89.0,83.0,457.0,90.0,attention,Attention Challenge,Medium
57,74.0,72.0,60.0,91.0,364.0,74.0,recall,Number Recall,Easy
85,83.0,80.0,64.0,71.0,617.0,92.0,recall,Word Recall,Easy
90,82.0,53.0,47.0,67.0,657.0,83.0,recall,Number Recall,Easy
78,89.0,52.0,72.0,61.0,743.0,88.0,attention,Attention Challenge,Easy
85,65.0,77.0,67.0,78.0,526.0,84.0,memory,Memory Match,Medium
60,80.0,39.0,75.0,79.0,508.0,83.0,attention,Attention Challenge,Easy
56,84.0,88.0,56.0,78.0,521.0,80.0,recall,Number Recall,Easy
74,67.0,71.0,82.0,70.0,630.0,71.0,memory,Memory Match,Medium
82,73.0,91.0,46.0,79.0,516.0,79.0,recall,Number Recall,Easy
65,54.0,52.0,71.0,76.0,544.0,87.0,attention,Attention Challenge,Easy
58,86.0,61.0,74.0,68.0,650.0,85.0,attention,Attention Challenge,Easy
69,72.0,32.0,73.0,82.0,475.0,83.0,attention,Attention Challenge,Easy
60,85.0,56.0,74.0,63.0,717.0,57.0,attention,Attention Challenge,Easy
84,77.0,65.0,83.0,70.0,626.0,76.0,attention,Attention Challenge,Medium
56,73.0,39.0,91.0,94.0,327.0,75.0,attention,Attention Challenge,Easy
69,56.0,62.0,70.0,81.0,488.0,67.0,memory,Memory Match,Easy
65,58.0,38.0,58.0,95.0,307.0,87.0,attention,Attention Challenge,Easy
62,44.0,64.0,80.0,78.0,526.0,58.0,memory,Memory Match,Easy
80,68.0,85.0,68.0,81.0,490.0,86.0,memory,Memory Match,Medium
59,100.0,67.0,90.0,68.0,650.0,91.0,attention,Attention Challenge,Medium
60,60.0,93.0,64.0,84.0,444.0,76.0,memory,Memory Match,Easy
80,43.0,80.0,60.0,72.0,597.0,77.0,memory,Memory Match,Easy
58,87.0,88.0,74.0,71.0,618.0,88.0,reaction,Reaction Test,Medium
73,100.0,57.0,48.0,74.0,581.0,70.0,recall,Word Recall,Easy
74,79.0,56.0,65.0,65.0,687.0,85.0,attention,Attention Challenge,Easy
87,78.0,73.0,67.0,56.0,798.0,69.0,reaction,Reaction Test,Easy
74,71.0,44.0,75.0,75.0,563.0,66.0,attention,Attention Challenge,Easy
66,53.0,75.0,58.0,72.0,599.0,81.0,memory,Memory Match,Easy
55,58.0,63.0,60.0,84.0,444.0,78.0,memory,Memory Match,Easy
80,71.0,88.0,88.0,86.0,428.0,61.0,memory,Memory Match,Medium
68,69.0,78.0,72.0,66.0,674.0,92.0,reaction,Reaction Test,Medium
65,74.0,84.0,84.0,67.0,658.0,74.0,reaction,Reaction Test,Medium
90,85.0,57.0,64.0,86.0,426.0,83.0,attention,Attention Challenge,Easy
67,68.0,84.0,71.0,89.0,393.0,94.0,memory,Memory Match,Medium
57,85.0,90.0,75.0,82.0,472.0,80.0,recall,Number Recall,Medium
87,68.0,67.0,96.0,77.0,533.0,91.0,attention,Attention Challenge,Medium
60,87.0,57.0,69.0,80.0,501.0,69.0,attention,Attention Challenge,Easy
64,76.0,57.0,70.0,74.0,569.0,92.0,attention,Attention Challenge,Easy
59,70.0,87.0,87.0,67.0,660.0,70.0,reaction,Reaction Test,Medium
77,76.0,100.0,67.0,72.0,605.0,72.0,recall,Word Recall,Medium
64,71.0,53.0,76.0,71.0,614.0,63.0,attention,Attention Challenge,Easy
56,76.0,52.0,86.0,100.0,256.0,81.0,attention,Attention Challenge,Easy
67,84.0,82.0,64.0,92.0,356.0,84.0,recall,Number Recall,Easy
56,74.0,57.0,77.0,84.0,454.0,86.0,attention,Attention Challenge,Easy
74,71.0,83.0,96.0,82.0,474.0,64.0,memory,Memory Match,Medium
55,62.0,75.0,85.0,68.0,651.0,82.0,memory,Memory Match,Easy
63,82.0,68.0,76.0,84.0,445.0,82.0,attention,Attention Challenge,Medium
71,79.0,75.0,69.0,70.0,630.0,84.0,recall,Word Recall,Medium
63,61.0,74.0,64.0,84.0,456.0,70.0,memory,Memory Match,Easy
65,85.0,65.0,58.0,88.0,406.0,53.0,recall,Word Recall,Easy
69,61.0,42.0,93.0,87.0,411.0,85.0,attention,Attention Challenge,Easy
78,87.0,71.0,90.0,54.0,821.0,77.0,reaction,Reaction Test,Easy
89,83.0,92.0,63.0,84.0,453.0,81.0,recall,Number Recall,Easy
84,80.0,44.0,77.0,69.0,633.0,77.0,attention,Attention Challenge,Easy
85,70.0,54.0,74.0,91.0,363.0,80.0,attention,Attention Challenge,Easy
59,82.0,74.0,89.0,62.0,720.0,85.0,reaction,Reaction Test,Easy
68,88.0,69.0,77.0,73.0,592.0,59.0,attention,Attention Challenge,Medium
65,82.0,74.0,72.0,73.0,583.0,89.0,recall,Word Recall,Medium
63,67.0,58.0,64.0,72.0,600.0,76.0,attention,Attention Challenge,Easy
88,78.0,85.0,77.0,71.0,613.0,94.0,reaction,Reaction Test,Medium
66,89.0,69.0,67.0,68.0,647.0,73.0,recall,Number Recall,Medium
89,100.0,78.0,75.0,82.0,478.0,71.0,recall,Word Recall,Medium
89,73.0,73.0,71.0,82.0,471.0,77.0,recall,Number Recall,Medium
55,85.0,71.0,67.0,76.0,556.0,83.0,recall,Word Recall,Medium
76,89.0,77.0,58.0,69.0,632.0,75.0,recall,Number Recall,Easy
83,65.0,71.0,79.0,77.0,542.0,84.0,memory,Memory Match,Medium
62,96.0,50.0,73.0,69.0,643.0,74.0,attention,Attention Challenge,Easy
65,62.0,84.0,97.0,70.0,624.0,78.0,memory,Memory Match,Easy
68,85.0,80.0,58.0,78.0,524.0,100.0,recall,Number Recall,Easy
84,79.0,36.0,81.0,93.0,340.0,82.0,attention,Attention Challenge,Easy
89,76.0,58.0,71.0,81.0,490.0,82.0,attention,Attention Challenge,Easy
75,100.0,84.0,100.0,59.0,759.0,63.0,reaction,Reaction Test,Easy
59,71.0,41.0,80.0,73.0,591.0,92.0,attention,Attention Challenge,Easy
73,71.0,82.0,77.0,82.0,473.0,89.0,memory,Memory Match,Medium
68,91.0,66.0,71.0,74.0,580.0,71.0,attention,Attention Challenge,Medium
80,84.0,88.0,62.0,70.0,631.0,88.0,recall,Word Recall,Easy
58,90.0,68.0,76.0,82.0,473.0,81.0,attention,Attention Challenge,Medium
79,76.0,57.0,53.0,64.0,698.0,78.0,recall,Word Recall,Easy
79,79.0,73.0,53.0,71.0,609.0,91.0,recall,Number Recall,Easy
72,98.0,68.0,86.0,87.0,418.0,73.0,attention,Attention Challenge,Medium
62,65.0,56.0,47.0,68.0,653.0,71.0,recall,Number Recall,Easy
68,74.0,100.0,68.0,80.0,501.0,80.0,recall,Word Recall,Medium
86,85.0,53.0,57.0,78.0,529.0,83.0,attention,Attention Challenge,Easy
87,73.0,34.0,66.0,86.0,428.0,88.0,attention,Attention Challenge,Easy
77,68.0,92.0,75.0,70.0,626.0,76.0,memory,Memory Match,Medium
69,82.0,59.0,86.0,77.0,532.0,70.0,attention,Attention Challenge,Easy
87,91.0,64.0,89.0,70.0,631.0,100.0,attention,Attention Challenge,Easy
79,73.0,63.0,59.0,81.0,484.0,67.0,recall,Word Recall,Easy
71,73.0,59.0,65.0,82.0,470.0,79.0,attention,Attention Challenge,Easy
87,67.0,57.0,100.0,83.0,460.0,86.0,attention,Attention Challenge,Easy
56,71.0,53.0,68.0,72.0,598.0,90.0,attention,Attention Challenge,Easy
68,88.0,69.0,60.0,83.0,468.0,72.0,recall,Word Recall,Easy
60,76.0,62.0,62.0,78.0,526.0,59.0,attention,Attention Challenge,Easy
60,65.0,79.0,69.0,81.0,488.0,72.0,memory,Memory Match,Medium
57,78.0,75.0,67.0,72.0,603.0,87.0,recall,Number Recall,Medium
61,88.0,54.0,69.0,93.0,342.0,84.0,attention,Attention Challenge,Easy
62,68.0,70.0,72.0,74.0,580.0,85.0,memory,Memory Match,Medium
69,59.0,62.0,72.0,59.0,758.0,85.0,memory,Memory Match,Easy
83,100.0,53.0,59.0,64.0,698.0,91.0,attention,Attention Challenge,Easy
87,58.0,78.0,77.0,82.0,476.0,70.0,memory,Memory Match,Easy
84,71.0,66.0,74.0,71.0,609.0,66.0,attention,Attention Challenge,Medium
81,78.0,62.0,79.0,73.0,586.0,82.0,attention,Attention Challenge,Easy
90,72.0,55.0,48.0,62.0,726.0,68.0,recall,Number Recall,Easy
83,74.0,53.0,74.0,100.0,250.0,65.0,attention,Attention Challenge,Easy
87,82.0,98.0,44.0,65.0,684.0,90.0,recall,Number Recall,Easy
81,46.0,73.0,70.0,79.0,518.0,81.0,memory,Memory Match,Easy
87,60.0,52.0,81.0,83.0,461.0,78.0,attention,Attention Challenge,Easy
58,76.0,72.0,87.0,83.0,457.0,78.0,attention,Attention Challenge,Medium
76,70.0,84.0,77.0,88.0,394.0,77.0,memory,Memory Match,Medium
56,77.0,71.0,81.0,82.0,476.0,90.0,attention,Attention Challenge,Medium
64,78.0,89.0,68.0,86.0,420.0,63.0,recall,Number Recall,Medium
59,50.0,45.0,65.0,74.0,572.0,62.0,attention,Attention Challenge,Easy
64,90.0,38.0,100.0,70.0,621.0,69.0,attention,Attention Challenge,Easy
87,69.0,72.0,84.0,78.0,519.0,81.0,memory,Memory Match,Medium
67,65.0,72.0,56.0,62.0,730.0,96.0,recall,Number Recall,Easy
85,78.0,25.0,48.0,81.0,484.0,87.0,attention,Attention Challenge,Easy
90,76.0,59.0,65.0,79.0,513.0,84.0,attention,Attention Challenge,Easy
78,89.0,53.0,89.0,81.0,493.0,77.0,attention,Attention Challenge,Easy
69,78.0,47.0,73.0,70.0,622.0,65.0,attention,Attention Challenge,Easy
83,89.0,53.0,41.0,69.0,634.0,83.0,recall,Word Recall,Easy
62,64.0,77.0,70.0,71.0,609.0,98.0,memory,Memory Match,Easy
59,77.0,53.0,72.0,77.0,535.0,76.0,attention,Attention Challenge,Easy
83,62.0,53.0,38.0,89.0,389.0,72.0,recall,Number Recall,Easy
58,76.0,44.0,72.0,79.0,512.0,76.0,attention,Attention Challenge,Easy
66,74.0,87.0,58.0,62.0,727.0,84.0,recall,Number Recall,Easy
56,73.0,75.0,46.0,66.0,672.0,79.0,recall,Word Recall,Easy
81,73.0,31.0,94.0,73.0,585.0,87.0,attention,Attention Challenge,Easy
85,84.0,53.0,57.0,80.0,504.0,78.0,attention,Attention Challenge,Easy
90,56.0,76.0,63.0,76.0,548.0,76.0,memory,Memory Match,Easy
90,64.0,87.0,62.0,80.0,504.0,80.0,recall,Word Recall,Easy
80,75.0,81.0,72.0,65.0,693.0,73.0,reaction,Reaction Test,Medium
81,61.0,63.0,97.0,84.0,449.0,95.0,memory,Memory Match,Easy
59,76.0,39.0,55.0,67.0,661.0,86.0,attention,Attention Challenge,Easy
74,74.0,81.0,68.0,81.0,486.0,67.0,recall,Word Recall,Medium
65,58.0,64.0,74.0,63.0,709.0,71.0,memory,Memory Match,Easy
64,58.0,69.0,60.0,72.0,601.0,84.0,memory,Memory Match,Easy
60,44.0,65.0,67.0,83.0,460.0,80.0,memory,Memory Match,Easy
62,60.0,48.0,80.0,79.0,513.0,81.0,attention,Attention Challenge,Easy
77,75.0,73.0,61.0,69.0,635.0,76.0,recall,Number Recall,Easy
80,77.0,71.0,67.0,81.0,490.0,83.0,recall,Word Recall,Medium
66,77.0,62.0,66.0,76.0,553.0,76.0,attention,Attention Challenge,Easy
80,66.0,75.0,71.0,81.0,488.0,84.0,memory,Memory Match,Medium
67,75.0,47.0,75.0,59.0,761.0,86.0,attention,Attention Challenge,Easy
72,80.0,64.0,80.0,57.0,782.0,94.0,reaction,Reaction Test,Easy
79,60.0,68.0,99.0,62.0,726.0,73.0,memory,Memory Match,Easy
87,76.0,42.0,35.0,77.0,535.0,78.0,recall,Word Recall,Easy
66,83.0,67.0,70.0,80.0,502.0,66.0,attention,Attention Challenge,Medium
90,69.0,79.0,53.0,83.0,457.0,96.0,recall,Word Recall,Easy
58,88.0,63.0,67.0,61.0,734.0,58.0,reaction,Reaction Test,Easy
59,69.0,67.0,84.0,67.0,662.0,95.0,attention,Attention Challenge,Medium
62,65.0,76.0,89.0,67.0,667.0,79.0,memory,Memory Match,Medium
82,82.0,62.0,89.0,78.0,520.0,82.0,attention,Attention Challenge,Easy
85,99.0,64.0,89.0,93.0,339.0,76.0,attention,Attention Challenge,Easy
63,76.0,50.0,70.0,91.0,367.0,78.0,attention,Attention Challenge,Easy
83,83.0,68.0,92.0,75.0,557.0,84.0,attention,Attention Challenge,Medium
68,69.0,63.0,94.0,81.0,487.0,62.0,attention,Attention Challenge,Easy
76,60.0,75.0,74.0,82.0,473.0,71.0,memory,Memory Match,Easy
65,77.0,76.0,88.0,73.0,591.0,70.0,reaction,Reaction Test,Medium
77,79.0,80.0,73.0,66.0,672.0,82.0,reaction,Reaction Test,Medium
55,71.0,60.0,92.0,83.0,466.0,78.0,attention,Attention Challenge,Easy
75,83.0,35.0,70.0,89.0,393.0,84.0,attention,Attention Challenge,Easy
80,67.0,79.0,63.0,82.0,469.0,80.0,recall,Word Recall,Easy
90,64.0,74.0,56.0,86.0,425.0,89.0,recall,Number Recall,Easy
77,88.0,58.0,70.0,70.0,621.0,71.0,attention,Attention Challenge,Easy
55,88.0,76.0,73.0,76.0,550.0,79.0,recall,Number Recall,Medium
69,67.0,46.0,59.0,58.0,776.0,89.0,attention,Attention Challenge,Easy
75,96.0,83.0,68.0,69.0,638.0,87.0,recall,Number Recall,Medium
63,72.0,63.0,65.0,59.0,768.0,63.0,reaction,Reaction Test,Easy
63,76.0,56.0,57.0,89.0,382.0,68.0,attention,Attention Challenge,Easy
64,74.0,59.0,87.0,100.0,250.0,77.0,attention,Attention Challenge,Easy
80,81.0,65.0,89.0,74.0,579.0,76.0,attention,Attention Challenge,Medium
89,78.0,68.0,86.0,75.0,565.0,77.0,attention,Attention Challenge,Medium
79,78.0,69.0,71.0,77.0,535.0,86.0,attention,Attention Challenge,Medium
80,63.0,62.0,72.0,75.0,561.0,81.0,attention,Attention Challenge,Easy
65,55.0,71.0,57.0,87.0,415.0,81.0,memory,Memory Match,Easy
56,89.0,68.0,78.0,71.0,618.0,85.0,attention,Attention Challenge,Medium
61,68.0,58.0,74.0,69.0,638.0,89.0,attention,Attention Challenge,Easy
72,74.0,56.0,100.0,88.0,406.0,47.0,attention,Attention Challenge,Easy
81,79.0,77.0,87.0,79.0,508.0,74.0,attention,Attention Challenge,Medium
88,95.0,76.0,76.0,79.0,515.0,69.0,attention,Attention Challenge,Medium
81,77.0,69.0,71.0,82.0,470.0,83.0,attention,Attention Challenge,Medium
71,70.0,82.0,86.0,87.0,411.0,73.0,memory,Memory Match,Medium
78,69.0,39.0,59.0,76.0,552.0,79.0,attention,Attention Challenge,Easy
79,75.0,60.0,88.0,74.0,581.0,87.0,attention,Attention Challenge,Easy
61,64.0,51.0,57.0,82.0,477.0,72.0,attention,Attention Challenge,Easy
60,75.0,100.0,64.0,86.0,419.0,82.0,recall,Word Recall,Easy
78,74.0,79.0,46.0,72.0,599.0,94.0,recall,Number Recall,Easy
87,95.0,67.0,81.0,83.0,458.0,86.0,attention,Attention Challenge,Medium
83,74.0,80.0,75.0,79.0,513.0,62.0,memory,Memory Match,Medium
76,52.0,85.0,64.0,80.0,498.0,75.0,memory,Memory Match,Easy
80,100.0,85.0,59.0,64.0,699.0,82.0,recall,Number Recall,Easy
82,86.0,82.0,91.0,83.0,463.0,84.0,attention,Attention Challenge,Medium
75,100.0,64.0,70.0,59.0,757.0,75.0,reaction,Reaction Test,Easy
61,61.0,60.0,61.0,69.0,640.0,72.0,attention,Attention Challenge,Easy
71,72.0,54.0,99.0,58.0,769.0,79.0,attention,Attention Challenge,Easy
74,83.0,76.0,63.0,70.0,630.0,67.0,recall,Word Recall,Easy
74,81.0,66.0,88.0,78.0,523.0,89.0,attention,Attention Challenge,Medium
76,79.0,62.0,56.0,85.0,440.0,97.0,recall,Word Recall,Easy
82,49.0,61.0,67.0,79.0,507.0,82.0,memory,Memory Match,Easy
61,54.0,90.0,79.0,62.0,728.0,76.0,memory,Memory Match,Easy
55,93.0,82.0,71.0,76.0,544.0,87.0,recall,Number Recall,Medium
86,95.0,95.0,75.0,70.0,629.0,86.0,reaction,Reaction Test,Medium
67,74.0,76.0,64.0,74.0,575.0,75.0,recall,Number Recall,Easy
84,92.0,69.0,50.0,74.0,580.0,78.0,recall,Word Recall,Easy
77,63.0,68.0,93.0,73.0,585.0,72.0,memory,Memory Match,Easy
73,65.0,53.0,65.0,71.0,609.0,80.0,attention,Attention Challenge,Easy
86,62.0,49.0,76.0,84.0,452.0,81.0,attention,Attention Challenge,Easy
84,65.0,76.0,82.0,79.0,517.0,70.0,memory,Memory Match,Medium
83,84.0,54.0,76.0,73.0,587.0,67.0,attention,Attention Challenge,Easy
83,65.0,71.0,62.0,74.0,570.0,65.0,recall,Word Recall,Easy
84,100.0,85.0,88.0,80.0,495.0,82.0,reaction,Reaction Test,Medium
70,81.0,58.0,79.0,72.0,600.0,78.0,attention,Attention Challenge,Easy
73,88.0,98.0,75.0,83.0,457.0,77.0,recall,Number Recall,Medium
72,81.0,53.0,74.0,88.0,403.0,83.0,attention,Attention Challenge,Easy
55,90.0,83.0,96.0,73.0,585.0,69.0,reaction,Reaction Test,Medium
68,65.0,74.0,62.0,88.0,406.0,67.0,recall,Word Recall,Easy
56,92.0,86.0,78.0,73.0,584.0,80.0,reaction,Reaction Test,Medium
82,77.0,51.0,65.0,95.0,315.0,61.0,attention,Attention Challenge,Easy
84,90.0,100.0,45.0,83.0,463.0,75.0,recall,Number Recall,Easy
58,58.0,65.0,45.0,79.0,511.0,100.0,recall,Word Recall,Easy
55,77.0,78.0,58.0,91.0,357.0,65.0,recall,Number Recall,Easy
62,77.0,90.0,63.0,80.0,505.0,74.0,recall,Word Recall,Easy
83,68.0,59.0,100.0,65.0,692.0,57.0,attention,Attention Challenge,Easy
57,79.0,80.0,82.0,88.0,398.0,76.0,memory,Memory Match,Medium
86,93.0,56.0,83.0,79.0,509.0,98.0,attention,Attention Challenge,Easy
64,67.0,89.0,63.0,60.0,754.0,83.0,reaction,Reaction Test,Easy
64,87.0,57.0,73.0,86.0,423.0,72.0,attention,Attention Challenge,Easy
73,61.0,69.0,100.0,63.0,718.0,100.0,memory,Memory Match,Easy
88,100.0,73.0,55.0,79.0,517.0,61.0,recall,Number Recall,Easy
87,84.0,80.0,78.0,75.0,562.0,83.0,reaction,Reaction Test,Medium
77,96.0,98.0,95.0,64.0,705.0,79.0,reaction,Reaction Test,Easy
82,83.0,61.0,86.0,81.0,492.0,76.0,attention,Attention Challenge,Easy
86,80.0,85.0,97.0,70.0,626.0,86.0,reaction,Reaction Test,Medium
61,85.0,98.0,75.0,68.0,656.0,66.0,reaction,Reaction Test,Medium
83,73.0,70.0,80.0,82.0,472.0,81.0,attention,Attention Challenge,Medium
62,56.0,60.0,74.0,83.0,459.0,80.0,memory,Memory Match,Easy
55,80.0,42.0,79.0,78.0,523.0,69.0,attention,Attention Challenge,Easy
57,66.0,96.0,59.0,78.0,526.0,97.0,recall,Word Recall,Easy
78,62.0,64.0,83.0,86.0,421.0,76.0,memory,Memory Match,Easy
77,83.0,53.0,76.0,82.0,473.0,77.0,attention,Attention Challenge,Easy
62,72.0,48.0,73.0,100.0,250.0,68.0,attention,Attention Challenge,Easy
57,87.0,53.0,96.0,79.0,510.0,76.0,attention,Attention Challenge,Easy
87,66.0,82.0,68.0,67.0,657.0,100.0,memory,Memory Match,Medium
82,69.0,84.0,89.0,92.0,350.0,75.0,memory,Memory Match,Medium
62,89.0,78.0,90.0,80.0,494.0,83.0,attention,Attention Challenge,Medium
88,78.0,70.0,84.0,53.0,843.0,88.0,reaction,Reaction Test,Easy
89,57.0,49.0,58.0,76.0,547.0,76.0,attention,Attention Challenge,Easy
86,78.0,57.0,77.0,63.0,713.0,74.0,attention,Attention Challenge,Easy
78,93.0,51.0,99.0,86.0,429.0,83.0,attention,Attention Challenge,Easy
68,69.0,77.0,47.0,72.0,604.0,76.0,recall,Word Recall,Easy
86,82.0,52.0,69.0,87.0,408.0,75.0,attention,Attention Challenge,Easy
70,65.0,57.0,88.0,72.0,598.0,87.0,attention,Attention Challenge,Easy
58,73.0,65.0,70.0,68.0,651.0,77.0,attention,Attention Challenge,Medium
75,88.0,43.0,83.0,70.0,623.0,90.0,attention,Attention Challenge,Easy
68,78.0,69.0,92.0,79.0,509.0,77.0,attention,Attention Challenge,Medium
85,90.0,66.0,75.0,73.0,583.0,65.0,attention,Attention Challenge,Medium
72,80.0,86.0,79.0,73.0,584.0,44.0,reaction,Reaction Test,Medium
61,100.0,56.0,73.0,70.0,630.0,60.0,attention,Attention Challenge,Easy
64,56.0,49.0,76.0,77.0,535.0,61.0,attention,Attention Challenge,Easy
61,72.0,62.0,100.0,67.0,662.0,81.0,attention,Attention Challenge,Easy
87,62.0,52.0,71.0,62.0,722.0,68.0,attention,Attention Challenge,Easy
77,63.0,69.0,67.0,79.0,512.0,58.0,memory,Memory Match,Easy
75,63.0,40.0,87.0,76.0,556.0,77.0,attention,Attention Challenge,Easy
73,77.0,59.0,60.0,85.0,441.0,67.0,attention,Attention Challenge,Easy
73,78.0,54.0,63.0,73.0,591.0,83.0,attention,Attention Challenge,Easy
90,80.0,77.0,63.0,73.0,592.0,82.0,recall,Word Recall,Easy
83,62.0,56.0,68.0,75.0,557.0,83.0,attention,Attention Challenge,Easy
72,71.0,42.0,69.0,75.0,566.0,52.0,attention,Attention Challenge,Easy
56,63.0,65.0,82.0,58.0,781.0,78.0,reaction,Reaction Test,Easy
55,86.0,73.0,67.0,100.0,250.0,77.0,recall,Word Recall,Medium
59,65.0,64.0,82.0,81.0,490.0,66.0,attention,Attention Challenge,Easy
74,72.0,59.0,84.0,79.0,509.0,57.0,attention,Attention Challenge,Easy
65,82.0,58.0,63.0,62.0,725.0,77.0,attention,Attention Challenge,Easy
56,68.0,70.0,84.0,71.0,607.0,89.0,memory,Memory Match,Medium
57,83.0,55.0,85.0,71.0,610.0,52.0,attention,Attention Challenge,Easy
77,94.0,63.0,47.0,64.0,701.0,70.0,recall,Word Recall,Easy
66,77.0,79.0,76.0,78.0,528.0,79.0,recall,Number Recall,Medium
74,86.0,48.0,65.0,70.0,628.0,89.0,attention,Attention Challenge,Easy
59,50.0,67.0,90.0,81.0,486.0,75.0,memory,Memory Match,Easy
84,70.0,41.0,65.0,86.0,424.0,97.0,attention,Attention Challenge,Easy
63,77.0,71.0,53.0,59.0,765.0,60.0,recall,Number Recall,Easy
88,62.0,53.0,72.0,72.0,594.0,58.0,attention,Attention Challenge,Easy
89,77.0,83.0,59.0,70.0,627.0,88.0,recall,Number Recall,Easy
76,88.0,46.0,84.0,86.0,420.0,55.0,attention,Attention Challenge,Easy
78,52.0,75.0,61.0,71.0,611.0,83.0,memory,Memory Match,Easy
71,61.0,86.0,72.0,59.0,763.0,75.0,reaction,Reaction Test,Easy
64,77.0,53.0,94.0,79.0,517.0,69.0,attention,Attention Challenge,Easy
84,81.0,55.0,87.0,88.0,399.0,74.0,attention,Attention Challenge,Easy
77,84.0,54.0,79.0,74.0,572.0,65.0,attention,Attention Challenge,Easy
86,76.0,61.0,70.0,86.0,426.0,75.0,attention,Attention Challenge,Easy
71,81.0,76.0,77.0,91.0,363.0,78.0,attention,Attention Challenge,Medium
71,86.0,59.0,82.0,83.0,462.0,74.0,attention,Attention Challenge,Easy
68,70.0,51.0,58.0,81.0,491.0,72.0,attention,Attention Challenge,Easy
63,68.0,38.0,84.0,85.0,432.0,81.0,attention,Attention Challenge,Easy
56,73.0,92.0,57.0,63.0,709.0,95.0,recall,Number Recall,Easy
79,77.0,93.0,80.0,58.0,777.0,75.0,reaction,Reaction Test,Easy
63,67.0,76.0,57.0,70.0,624.0,86.0,recall,Number Recall,Easy
76,70.0,56.0,99.0,72.0,596.0,68.0,attention,Attention Challenge,Easy
58,80.0,79.0,83.0,77.0,533.0,65.0,reaction,Reaction Test,Medium
80,77.0,82.0,50.0,85.0,442.0,83.0,recall,Word Recall,Easy
83,73.0,64.0,72.0,61.0,742.0,76.0,reaction,Reaction Test,Easy
88,54.0,69.0,65.0,77.0,542.0,89.0,memory,Memory Match,Easy
77,75.0,86.0,63.0,80.0,494.0,91.0,recall,Number Recall,Easy
65,63.0,43.0,74.0,66.0,672.0,86.0,attention,Attention Challenge,Easy
60,87.0,83.0,59.0,77.0,541.0,86.0,recall,Number Recall,Easy
72,71.0,63.0,83.0,67.0,667.0,44.0,attention,Attention Challenge,Easy
75,63.0,51.0,82.0,80.0,501.0,82.0,attention,Attention Challenge,Easy
90,74.0,53.0,77.0,66.0,672.0,87.0,attention,Attention Challenge,Easy
88,90.0,55.0,72.0,67.0,668.0,65.0,attention,Attention Challenge,Easy
71,83.0,50.0,81.0,63.0,709.0,78.0,attention,Attention Challenge,Easy
79,78.0,95.0,83.0,83.0,465.0,68.0,memory,Memory Match,Medium
66,59.0,75.0,78.0,77.0,540.0,88.0,memory,Memory Match,Easy
77,94.0,84.0,54.0,57.0,784.0,68.0,recall,Number Recall,Easy
76,68.0,76.0,61.0,78.0,520.0,70.0,recall,Word Recall,Easy
75,86.0,69.0,68.0,68.0,647.0,73.0,recall,Number Recall,Medium
81,71.0,69.0,51.0,54.0,825.0,100.0,recall,Word Recall,Easy
85,85.0,62.0,75.0,94.0,328.0,88.0,attention,Attention Challenge,Easy
60,91.0,63.0,92.0,79.0,516.0,94.0,attention,Attention Challenge,Easy
81,83.0,47.0,90.0,76.0,550.0,60.0,attention,Attention Challenge,Easy
88,84.0,84.0,82.0,93.0,334.0,65.0,recall,Word Recall,Medium
66,74.0,41.0,82.0,80.0,495.0,91.0,attention,Attention Challenge,Easy
61,70.0,52.0,100.0,85.0,433.0,60.0,attention,Attention Challenge,Easy
64,77.0,98.0,84.0,68.0,653.0,71.0,reaction,Reaction Test,Medium
71,71.0,70.0,85.0,93.0,342.0,99.0,attention,Attention Challenge,Medium
80,100.0,71.0,52.0,58.0,777.0,68.0,recall,Number Recall,Easy
75,63.0,78.0,91.0,69.0,633.0,60.0,memory,Memory Match,Easy
82,87.0,45.0,78.0,86.0,424.0,78.0,attention,Attention Challenge,Easy
56,81.0,47.0,71.0,66.0,673.0,60.0,attention,Attention Challenge,Easy
55,78.0,61.0,67.0,70.0,622.0,90.0,attention,Attention Challenge,Easy
90,93.0,54.0,64.0,76.0,545.0,69.0,attention,Attention Challenge,Easy
80,79.0,67.0,90.0,83.0,463.0,67.0,attention,Attention Challenge,Medium
83,67.0,75.0,72.0,71.0,616.0,78.0,memory,Memory Match,Medium
75,79.0,89.0,65.0,75.0,565.0,74.0,recall,Number Recall,Medium
65,73.0,80.0,61.0,83.0,467.0,81.0,recall,Word Recall,Easy
65,81.0,53.0,74.0,89.0,389.0,83.0,attention,Attention Challenge,Easy
90,85.0,62.0,67.0,84.0,448.0,76.0,attention,Attention Challenge,Easy
89,65.0,58.0,64.0,81.0,490.0,66.0,attention,Attention Challenge,Easy
88,89.0,53.0,53.0,65.0,689.0,85.0,attention,Attention Challenge,Easy
78,72.0,49.0,85.0,68.0,653.0,71.0,attention,Attention Challenge,Easy
76,80.0,93.0,70.0,80.0,496.0,69.0,recall,Word Recall,Medium
59,82.0,68.0,57.0,80.0,501.0,79.0,recall,Number Recall,Easy
87,79.0,65.0,68.0,66.0,669.0,59.0,attention,Attention Challenge,Medium
90,74.0,75.0,80.0,73.0,582.0,82.0,reaction,Reaction Test,Medium
74,69.0,76.0,72.0,74.0,580.0,80.0,memory,Memory Match,Medium
73,72.0,85.0,75.0,83.0,466.0,89.0,memory,Memory Match,Medium
89,94.0,57.0,73.0,77.0,535.0,73.0,attention,Attention Challenge,Easy
71,65.0,74.0,54.0,76.0,551.0,91.0,recall,Number Recall,Easy
88,66.0,54.0,85.0,77.0,539.0,83.0,attention,Attention Challenge,Easy
63,66.0,65.0,48.0,69.0,638.0,78.0,recall,Number Recall,Easy
80,77.0,69.0,78.0,69.0,642.0,96.0,attention,Attention Challenge,Medium
56,57.0,70.0,81.0,85.0,440.0,79.0,memory,Memory Match,Easy
63,59.0,70.0,69.0,81.0,490.0,73.0,memory,Memory Match,Easy
63,72.0,80.0,77.0,83.0,468.0,79.0,memory,Memory Match,Medium
71,60.0,59.0,68.0,63.0,717.0,73.0,attention,Attention Challenge,Easy
55,61.0,71.0,77.0,54.0,820.0,82.0,reaction,Reaction Test,Easy
79,60.0,57.0,86.0,80.0,494.0,91.0,attention,Attention Challenge,Easy
79,65.0,100.0,61.0,78.0,530.0,78.0,recall,Number Recall,Easy
89,84.0,54.0,81.0,68.0,651.0,79.0,attention,Attention Challenge,Easy
57,86.0,57.0,96.0,83.0,465.0,86.0,attention,Attention Challenge,Easy
84,98.0,81.0,76.0,68.0,654.0,90.0,reaction,Reaction Test,Medium
88,98.0,62.0,65.0,76.0,547.0,73.0,attention,Attention Challenge,Easy
66,84.0,81.0,100.0,93.0,341.0,80.0,attention,Attention Challenge,Medium
73,87.0,70.0,73.0,88.0,394.0,86.0,attention,Attention Challenge,Medium
71,77.0,62.0,75.0,79.0,509.0,81.0,attention,Attention Challenge,Easy
64,81.0,57.0,76.0,64.0,697.0,59.0,attention,Attention Challenge,Easy
66,98.0,56.0,78.0,85.0,443.0,88.0,attention,Attention Challenge,Easy
70,79.0,62.0,67.0,81.0,486.0,83.0,attention,Attention Challenge,Easy
78,89.0,65.0,75.0,74.0,575.0,84.0,attention,Attention Challenge,Medium
73,64.0,56.0,85.0,92.0,350.0,66.0,attention,Attention Challenge,Easy
62,67.0,66.0,67.0,73.0,586.0,80.0,attention,Attention Challenge,Medium
85,79.0,52.0,66.0,91.0,365.0,86.0,attention,Attention Challenge,Easy
75,77.0,79.0,68.0,71.0,618.0,69.0,recall,Word Recall,Medium
71,68.0,82.0,57.0,84.0,453.0,72.0,recall,Number Recall,Easy
77,100.0,57.0,62.0,85.0,437.0,87.0,attention,Attention Challenge,Easy
70,77.0,57.0,62.0,73.0,583.0,71.0,attention,Attention Challenge,Easy
60,70.0,71.0,72.0,68.0,645.0,76.0,reaction,Reaction Test,Medium
62,77.0,87.0,84.0,72.0,595.0,68.0,reaction,Reaction Test,Medium
79,75.0,90.0,92.0,74.0,575.0,96.0,reaction,Reaction Test,Medium
72,77.0,47.0,73.0,74.0,577.0,83.0,attention,Attention Challenge,Easy
79,56.0,83.0,78.0,72.0,596.0,75.0,memory,Memory Match,Easy
66,91.0,67.0,75.0,72.0,604.0,74.0,attention,Attention Challenge,Medium
69,91.0,67.0,43.0,80.0,503.0,66.0,recall,Word Recall,Easy
80,93.0,76.0,56.0,70.0,629.0,77.0,recall,Number Recall,Easy
80,79.0,61.0,83.0,84.0,454.0,85.0,attention,Attention Challenge,Easy
86,83.0,84.0,84.0,66.0,681.0,70.0,reaction,Reaction Test,Medium
64,65.0,89.0,84.0,68.0,644.0,79.0,memory,Memory Match,Medium
70,85.0,90.0,70.0,55.0,812.0,74.0,reaction,Reaction Test,Easy
61,78.0,40.0,44.0,71.0,612.0,92.0,attention,Attention Challenge,Easy
71,69.0,65.0,58.0,67.0,659.0,72.0,recall,Number Recall,Easy
77,85.0,39.0,60.0,91.0,363.0,86.0,attention,Attention Challenge,Easy
80,86.0,57.0,81.0,67.0,663.0,92.0,attention,Attention Challenge,Easy
75,76.0,32.0,67.0,65.0,691.0,74.0,attention,Attention Challenge,Easy
76,80.0,75.0,96.0,62.0,731.0,72.0,reaction,Reaction Test,Easy
61,63.0,71.0,93.0,75.0,564.0,87.0,memory,Memory Match,Easy
68,90.0,62.0,95.0,79.0,509.0,60.0,attention,Attention Challenge,Easy
69,64.0,56.0,59.0,86.0,419.0,82.0,attention,Attention Challenge,Easy
61,67.0,73.0,79.0,86.0,430.0,62.0,memory,Memory Match,Medium
63,76.0,53.0,65.0,76.0,547.0,90.0,attention,Attention Challenge,Easy
62,88.0,52.0,77.0,93.0,340.0,75.0,attention,Attention Challenge,Easy
77,88.0,50.0,61.0,83.0,458.0,77.0,attention,Attention Challenge,Easy
83,75.0,65.0,89.0,75.0,561.0,71.0,attention,Attention Challenge,Medium
72,84.0,59.0,61.0,75.0,558.0,62.0,attention,Attention Challenge,Easy
85,55.0,62.0,45.0,85.0,434.0,91.0,recall,Number Recall,Easy
84,66.0,76.0,100.0,88.0,402.0,76.0,memory,Memory Match,Medium
89,67.0,82.0,78.0,86.0,420.0,100.0,memory,Memory Match,Medium
72,90.0,90.0,57.0,78.0,523.0,70.0,recall,Word Recall,Easy
71,83.0,69.0,70.0,56.0,806.0,72.0,reaction,Reaction Test,Easy
68,77.0,73.0,64.0,66.0,677.0,69.0,recall,Word Recall,Easy
85,78.0,71.0,72.0,74.0,576.0,76.0,attention,Attention Challenge,Medium
78,94.0,43.0,83.0,71.0,616.0,94.0,attention,Attention Challenge,Easy
89,73.0,62.0,81.0,66.0,672.0,88.0,attention,Attention Challenge,Easy
88,59.0,63.0,76.0,70.0,631.0,63.0,memory,Memory Match,Easy
57,88.0,60.0,72.0,79.0,513.0,90.0,attention,Attention Challenge,Easy
80,77.0,67.0,87.0,84.0,449.0,85.0,attention,Attention Challenge,Medium
77,86.0,65.0,45.0,77.0,535.0,83.0,recall,Number Recall,Easy
69,74.0,53.0,62.0,66.0,671.0,71.0,attention,Attention Challenge,Easy
58,65.0,66.0,58.0,79.0,518.0,72.0,recall,Number Recall,Easy
83,80.0,58.0,86.0,87.0,417.0,79.0,attention,Attention Challenge,Easy
76,75.0,29.0,62.0,93.0,343.0,72.0,attention,Attention Challenge,Easy
79,77.0,47.0,54.0,77.0,535.0,91.0,attention,Attention Challenge,Easy
67,94.0,69.0,80.0,86.0,427.0,72.0,attention,Attention Challenge,Medium
72,62.0,84.0,59.0,80.0,498.0,59.0,recall,Word Recall,Easy
87,78.0,32.0,67.0,62.0,725.0,65.0,attention,Attention Challenge,Easy
70,65.0,55.0,100.0,76.0,544.0,66.0,attention,Attention Challenge,Easy
56,44.0,74.0,83.0,83.0,460.0,75.0,memory,Memory Match,Easy
89,74.0,81.0,69.0,73.0,587.0,80.0,recall,Word Recall,Medium
88,75.0,62.0,70.0,58.0,781.0,79.0,reaction,Reaction Test,Easy
84,82.0,58.0,85.0,77.0,536.0,83.0,attention,Attention Challenge,Easy
67,72.0,86.0,81.0,99.0,267.0,75.0,memory,Memory Match,Medium
67,57.0,80.0,73.0,70.0,628.0,76.0,memory,Memory Match,Easy
72,65.0,81.0,73.0,73.0,592.0,96.0,memory,Memory Match,Medium
86,91.0,61.0,51.0,75.0,561.0,90.0,recall,Word Recall,Easy
86,65.0,85.0,48.0,78.0,524.0,82.0,recall,Number Recall,Easy
89,94.0,39.0,70.0,84.0,453.0,87.0,attention,Attention Challenge,Easy
83,88.0,85.0,63.0,61.0,732.0,59.0,reaction,Reaction Test,Easy
83,71.0,67.0,80.0,94.0,329.0,70.0,attention,Attention Challenge,Medium
70,66.0,70.0,75.0,79.0,513.0,74.0,memory,Memory Match,Medium
64,88.0,54.0,61.0,79.0,510.0,70.0,attention,Attention Challenge,Easy
84,72.0,41.0,74.0,68.0,652.0,63.0,attention,Attention Challenge,Easy
79,56.0,70.0,66.0,64.0,698.0,82.0,memory,Memory Match,Easy
74,82.0,76.0,100.0,78.0,523.0,92.0,attention,Attention Challenge,Medium
59,80.0,79.0,77.0,74.0,573.0,78.0,reaction,Reaction Test,Medium
55,89.0,77.0,50.0,73.0,583.0,84.0,recall,Number Recall,Easy
84,79.0,74.0,97.0,66.0,676.0,78.0,reaction,Reaction Test,Medium
57,68.0,54.0,63.0,66.0,674.0,74.0,attention,Attention Challenge,Easy
68,90.0,80.0,58.0,81.0,485.0,87.0,recall,Word Recall,Easy
84,91.0,52.0,100.0,72.0,603.0,64.0,attention,Attention Challenge,Easy
58,78.0,85.0,77.0,72.0,596.0,59.0,reaction,Reaction Test,Medium
72,76.0,67.0,82.0,77.0,536.0,64.0,attention,Attention Challenge,Medium
79,59.0,67.0,82.0,72.0,595.0,87.0,memory,Memory Match,Easy
55,68.0,81.0,69.0,76.0,552.0,79.0,memory,Memory Match,Medium
69,84.0,83.0,64.0,74.0,569.0,82.0,recall,Word Recall,Easy
63,68.0,80.0,66.0,89.0,387.0,95.0,recall,Number Recall,Medium
69,58.0,56.0,95.0,85.0,440.0,66.0,attention,Attention Challenge,Easy
78,100.0,79.0,75.0,68.0,648.0,90.0,reaction,Reaction Test,Medium
58,57.0,56.0,90.0,88.0,405.0,74.0,attention,Attention Challenge,Easy
66,100.0,80.0,71.0,72.0,606.0,73.0,recall,Number Recall,Medium
60,71.0,47.0,61.0,77.0,540.0,79.0,attention,Attention Challenge,Easy
78,74.0,67.0,52.0,66.0,674.0,80.0,recall,Number Recall,Easy
65,67.0,56.0,81.0,70.0,628.0,76.0,attention,Attention Challenge,Easy
67,84.0,81.0,96.0,80.0,496.0,84.0,reaction,Reaction Test,Medium
88,58.0,85.0,60.0,78.0,523.0,79.0,memory,Memory Match,Easy
79,53.0,71.0,79.0,95.0,312.0,76.0,memory,Memory Match,Easy
61,94.0,70.0,53.0,77.0,534.0,74.0,recall,Word Recall,Easy
58,65.0,79.0,64.0,88.0,398.0,80.0,recall,Number Recall,Easy
62,84.0,85.0,76.0,78.0,524.0,64.0,recall,Word Recall,Medium
74,62.0,69.0,48.0,82.0,473.0,67.0,recall,Number Recall,Easy
83,84.0,61.0,72.0,84.0,445.0,74.0,attention,Attention Challenge,Easy
64,95.0,78.0,60.0,65.0,693.0,83.0,recall,Number Recall,Easy
88,69.0,40.0,80.0,88.0,397.0,99.0,attention,Attention Challenge,Easy
80,52.0,82.0,70.0,85.0,434.0,76.0,memory,Memory Match,Easy
57,95.0,57.0,85.0,83.0,466.0,60.0,attention,Attention Challenge,Easy
60,86.0,64.0,68.0,81.0,492.0,70.0,attention,Attention Challenge,Easy
59,69.0,82.0,53.0,84.0,445.0,85.0,recall,Word Recall,Easy
59,72.0,62.0,51.0,79.0,507.0,68.0,recall,Number Recall,Easy
77,62.0,78.0,45.0,73.0,586.0,65.0,recall,Word Recall,Easy
63,92.0,85.0,81.0,70.0,630.0,85.0,reaction,Reaction Test,Medium
89,69.0,70.0,100.0,70.0,625.0,83.0,memory,Memory Match,Medium
74,58.0,73.0,78.0,94.0,321.0,63.0,memory,Memory Match,Easy
89,78.0,66.0,95.0,72.0,596.0,69.0,attention,Attention Challenge,Medium
72,65.0,70.0,88.0,72.0,603.0,90.0,memory,Memory Match,Medium
71,63.0,51.0,65.0,82.0,471.0,87.0,attention,Attention Challenge,Easy
78,70.0,64.0,90.0,60.0,750.0,66.0,reaction,Reaction Test,Easy
57,76.0,49.0,65.0,66.0,681.0,58.0,attention,Attention Challenge,Easy
86,58.0,55.0,66.0,78.0,528.0,81.0,attention,Attention Challenge,Easy
89,92.0,38.0,69.0,82.0,478.0,75.0,attention,Attention Challenge,Easy
67,83.0,72.0,70.0,60.0,748.0,80.0,reaction,Reaction Test,Easy
79,71.0,93.0,81.0,76.0,548.0,84.0,memory,Memory Match,Medium
63,64.0,61.0,63.0,75.0,560.0,68.0,attention,Attention Challenge,Easy
58,74.0,82.0,84.0,75.0,559.0,74.0,memory,Memory Match,Medium
68,86.0,85.0,84.0,54.0,826.0,69.0,reaction,Reaction Test,Easy
88,84.0,50.0,77.0,78.0,524.0,69.0,attention,Attention Challenge,Easy
65,88.0,53.0,99.0,76.0,547.0,84.0,attention,Attention Challenge,Easy
57,69.0,83.0,90.0,84.0,450.0,79.0,memory,Memory Match,Medium
82,40.0,67.0,87.0,80.0,503.0,62.0,memory,Memory Match,Easy
83,90.0,49.0,73.0,86.0,426.0,85.0,attention,Attention Challenge,Easy
63,73.0,58.0,77.0,84.0,453.0,74.0,attention,Attention Challenge,Easy
57,83.0,74.0,79.0,93.0,333.0,86.0,attention,Attention Challenge,Medium
79,95.0,56.0,72.0,68.0,656.0,68.0,attention,Attention Challenge,Easy
88,100.0,26.0,67.0,74.0,569.0,69.0,attention,Attention Challenge,Easy
66,67.0,63.0,38.0,74.0,579.0,81.0,recall,Number Recall,Easy
63,77.0,64.0,82.0,76.0,544.0,67.0,attention,Attention Challenge,Easy
69,91.0,68.0,87.0,75.0,559.0,75.0,attention,Attention Challenge,Medium
79,65.0,87.0,56.0,60.0,744.0,66.0,recall,Word Recall,Easy
59,68.0,69.0,80.0,83.0,458.0,74.0,memory,Memory Match,Medium
65,68.0,72.0,64.0,73.0,583.0,78.0,recall,Word Recall,Easy
88,75.0,84.0,67.0,73.0,583.0,78.0,recall,Number Recall,Medium
78,72.0,68.0,90.0,65.0,687.0,74.0,reaction,Reaction Test,Medium
69,68.0,100.0,58.0,72.0,603.0,81.0,recall,Number Recall,Easy
62,63.0,49.0,58.0,71.0,609.0,79.0,attention,Attention Challenge,Easy
59,85.0,54.0,97.0,88.0,399.0,77.0,attention,Attention Challenge,Easy
80,91.0,77.0,70.0,84.0,453.0,72.0,recall,Word Recall,Medium
72,93.0,87.0,89.0,87.0,410.0,89.0,attention,Attention Challenge,Hard
60,69.0,65.0,50.0,100.0,253.0,82.0,recall,Word Recall,Easy
67,85.0,53.0,51.0,72.0,598.0,68.0,recall,Number Recall,Easy
82,78.0,94.0,59.0,78.0,519.0,84.0,recall,Word Recall,Easy
59,68.0,56.0,65.0,72.0,598.0,87.0,attention,Attention Challenge,Easy
67,84.0,73.0,52.0,76.0,554.0,77.0,recall,Word Recall,Easy
71,68.0,88.0,77.0,74.0,579.0,78.0,memory,Memory Match,Medium
86,70.0,61.0,78.0,63.0,711.0,57.0,attention,Attention Challenge,Easy
83,58.0,59.0,59.0,76.0,551.0,70.0,memory,Memory Match,Easy
57,69.0,60.0,61.0,70.0,630.0,86.0,attention,Attention Challenge,Easy
88,78.0,82.0,62.0,79.0,514.0,70.0,recall,Number Recall,Easy
81,94.0,84.0,56.0,68.0,649.0,76.0,recall,Word Recall,Easy
67,71.0,69.0,31.0,88.0,401.0,69.0,recall,Number Recall,Easy
87,63.0,96.0,71.0,94.0,329.0,80.0,memory,Memory Match,Easy
60,93.0,68.0,66.0,56.0,803.0,82.0,reaction,Reaction Test,Easy
78,69.0,87.0,67.0,58.0,770.0,82.0,reaction,Reaction Test,Easy
73,54.0,62.0,58.0,95.0,317.0,67.0,memory,Memory Match,Easy
70,77.0,100.0,83.0,76.0,546.0,79.0,reaction,Reaction Test,Medium
82,71.0,92.0,100.0,75.0,568.0,94.0,memory,Memory Match,Medium
87,100.0,66.0,60.0,69.0,637.0,85.0,recall,Word Recall,Easy
67,81.0,90.0,92.0,59.0,759.0,79.0,reaction,Reaction Test,Easy
79,73.0,89.0,77.0,86.0,423.0,59.0,memory,Memory Match,Medium
90,64.0,91.0,72.0,86.0,429.0,76.0,memory,Memory Match,Easy
81,79.0,31.0,67.0,76.0,550.0,94.0,attention,Attention Challenge,Easy
61,92.0,79.0,71.0,85.0,434.0,91.0,recall,Number Recall,Medium
59,79.0,76.0,88.0,100.0,250.0,83.0,attention,Attention Challenge,Medium
85,65.0,75.0,56.0,78.0,523.0,71.0,recall,Number Recall,Easy
77,81.0,71.0,68.0,68.0,653.0,79.0,recall,Word Recall,Medium
64,74.0,72.0,89.0,76.0,548.0,86.0,attention,Attention Challenge,Medium
86,80.0,87.0,86.0,70.0,625.0,87.0,reaction,Reaction Test,Medium
84,71.0,76.0,56.0,71.0,608.0,81.0,recall,Number Recall,Easy
85,70.0,71.0,69.0,86.0,427.0,87.0,recall,Word Recall,Medium
72,70.0,85.0,82.0,75.0,558.0,77.0,memory,Memory Match,Medium
90,86.0,74.0,81.0,91.0,367.0,77.0,attention,Attention Challenge,Medium
56,71.0,76.0,86.0,81.0,489.0,73.0,memory,Memory Match,Medium
68,69.0,96.0,77.0,76.0,556.0,82.0,memory,Memory Match,Medium
67,64.0,61.0,80.0,76.0,550.0,88.0,attention,Attention Challenge,Easy
83,80.0,45.0,77.0,88.0,395.0,85.0,attention,Attention Challenge,Easy
66,79.0,69.0,94.0,86.0,419.0,66.0,attention,Attention Challenge,Medium
56,70.0,71.0,66.0,73.0,585.0,66.0,recall,Word Recall,Medium
86,66.0,79.0,73.0,68.0,649.0,89.0,memory,Memory Match,Medium
67,98.0,70.0,58.0,78.0,525.0,80.0,recall,Word Recall,Easy
81,52.0,79.0,55.0,78.0,519.0,80.0,memory,Memory Match,Easy
71,81.0,100.0,77.0,67.0,662.0,80.0,reaction,Reaction Test,Medium
85,90.0,80.0,62.0,83.0,457.0,96.0,recall,Number Recall,Easy
88,34.0,83.0,71.0,59.0,757.0,74.0,memory,Memory Match,Easy
78,85.0,66.0,95.0,89.0,389.0,89.0,attention,Attention Challenge,Medium
89,72.0,47.0,94.0,66.0,676.0,80.0,attention,Attention Challenge,Easy
60,78.0,34.0,100.0,71.0,615.0,62.0,attention,Attention Challenge,Easy
73,71.0,60.0,95.0,53.0,839.0,70.0,reaction,Reaction Test,Easy
84,88.0,29.0,100.0,87.0,415.0,72.0,attention,Attention Challenge,Easy
61,79.0,76.0,78.0,98.0,270.0,89.0,attention,Attention Challenge,Medium
64,77.0,62.0,59.0,64.0,700.0,90.0,recall,Number Recall,Easy
86,64.0,48.0,58.0,90.0,373.0,82.0,attention,Attention Challenge,Easy
88,98.0,70.0,92.0,70.0,624.0,73.0,attention,Attention Challenge,Medium
82,75.0,57.0,73.0,65.0,692.0,69.0,attention,Attention Challenge,Easy
69,100.0,75.0,74.0,72.0,596.0,89.0,reaction,Reaction Test,Medium
84,98.0,79.0,64.0,74.0,578.0,65.0,recall,Word Recall,Easy
83,54.0,57.0,66.0,72.0,598.0,77.0,memory,Memory Match,Easy
76,67.0,64.0,77.0,68.0,650.0,100.0,attention,Attention Challenge,Easy
58,63.0,71.0,57.0,70.0,620.0,73.0,recall,Number Recall,Easy
74,74.0,47.0,76.0,88.0,404.0,65.0,attention,Attention Challenge,Easy
86,77.0,71.0,93.0,58.0,769.0,60.0,reaction,Reaction Test,Easy
90,78.0,47.0,42.0,76.0,556.0,100.0,recall,Word Recall,Easy
58,88.0,76.0,50.0,71.0,612.0,81.0,recall,Number Recall,Easy
81,93.0,61.0,81.0,69.0,635.0,69.0,attention,Attention Challenge,Easy
71,87.0,46.0,91.0,65.0,689.0,76.0,attention,Attention Challenge,Easy
66,68.0,59.0,65.0,66.0,676.0,71.0,attention,Attention Challenge,Easy
76,66.0,60.0,44.0,75.0,566.0,59.0,recall,Number Recall,Easy
71,75.0,84.0,92.0,75.0,558.0,86.0,memory,Memory Match,Medium
64,80.0,71.0,61.0,72.0,599.0,78.0,recall,Number Recall,Easy
55,73.0,54.0,67.0,65.0,682.0,85.0,attention,Attention Challenge,Easy
76,59.0,93.0,76.0,87.0,416.0,78.0,memory,Memory Match,Easy
80,83.0,77.0,63.0,70.0,627.0,79.0,recall,Word Recall,Easy
72,70.0,63.0,60.0,84.0,444.0,56.0,recall,Number Recall,Easy
68,70.0,45.0,60.0,58.0,772.0,87.0,attention,Attention Challenge,Easy
83,74.0,62.0,98.0,72.0,594.0,67.0,attention,Attention Challenge,Easy
66,72.0,65.0,88.0,80.0,500.0,70.0,attention,Attention Challenge,Medium
90,71.0,74.0,80.0,72.0,601.0,73.0,memory,Memory Match,Medium
89,60.0,77.0,41.0,76.0,551.0,57.0,recall,Word Recall,Easy
66,74.0,80.0,80.0,78.0,531.0,72.0,memory,Memory Match,Medium
61,83.0,44.0,79.0,93.0,333.0,71.0,attention,Attention Challenge,Easy
83,78.0,71.0,54.0,86.0,427.0,74.0,recall,Number Recall,Easy
65,86.0,66.0,76.0,77.0,533.0,61.0,attention,Attention Challenge,Medium
87,66.0,100.0,87.0,92.0,347.0,87.0,memory,Memory Match,Medium
60,60.0,69.0,80.0,82.0,480.0,82.0,memory,Memory Match,Easy
69,72.0,59.0,62.0,81.0,490.0,69.0,attention,Attention Challenge,Easy
86,68.0,70.0,72.0,84.0,456.0,72.0,memory,Memory Match,Medium
65,69.0,68.0,82.0,69.0,643.0,86.0,attention,Attention Challenge,Medium
77,78.0,38.0,73.0,84.0,444.0,75.0,attention,Attention Challenge,Easy
80,69.0,74.0,90.0,75.0,561.0,66.0,memory,Memory Match,Medium
88,60.0,63.0,78.0,79.0,508.0,77.0,memory,Memory Match,Easy
88,68.0,68.0,83.0,77.0,536.0,67.0,memory,Memory Match,Medium
83,79.0,55.0,83.0,61.0,743.0,71.0,attention,Attention Challenge,Easy
58,83.0,52.0,57.0,74.0,572.0,77.0,attention,Attention Challenge,Easy
71,83.0,81.0,73.0,72.0,595.0,89.0,reaction,Reaction Test,Medium
89,80.0,85.0,67.0,83.0,458.0,98.0,recall,Number Recall,Medium
67,73.0,74.0,87.0,70.0,625.0,92.0,reaction,Reaction Test,Medium
69,80.0,41.0,78.0,70.0,620.0,77.0,attention,Attention Challenge,Easy
83,74.0,75.0,69.0,71.0,609.0,100.0,recall,Word Recall,Medium
83,76.0,41.0,54.0,88.0,405.0,84.0,attention,Attention Challenge,Easy
65,64.0,58.0,50.0,82.0,480.0,68.0,recall,Word Recall,Easy
86,76.0,81.0,76.0,62.0,722.0,79.0,reaction,Reaction Test,Easy
56,80.0,78.0,62.0,83.0,467.0,71.0,recall,Word Recall,Easy
68,79.0,75.0,81.0,61.0,738.0,66.0,reaction,Reaction Test,Easy
74,60.0,88.0,49.0,81.0,484.0,66.0,recall,Word Recall,Easy
76,76.0,76.0,94.0,75.0,568.0,77.0,reaction,Reaction Test,Medium
65,58.0,38.0,81.0,78.0,528.0,86.0,attention,Attention Challenge,Easy
81,77.0,62.0,73.0,84.0,449.0,89.0,attention,Attention Challenge,Easy
57,67.0,67.0,96.0,84.0,450.0,66.0,memory,Memory Match,Medium
71,95.0,66.0,85.0,83.0,465.0,75.0,attention,Attention Challenge,Medium
82,76.0,59.0,65.0,75.0,568.0,83.0,attention,Attention Challenge,Easy
83,85.0,53.0,73.0,67.0,657.0,80.0,attention,Attention Challenge,Easy
75,100.0,100.0,45.0,75.0,560.0,85.0,recall,Word Recall,Easy
70,65.0,62.0,87.0,76.0,546.0,74.0,attention,Attention Challenge,Easy
74,80.0,100.0,68.0,64.0,695.0,91.0,reaction,Reaction Test,Easy
60,61.0,51.0,44.0,76.0,555.0,78.0,recall,Number Recall,Easy
73,79.0,78.0,55.0,81.0,485.0,86.0,recall,Word Recall,Easy
59,96.0,71.0,84.0,86.0,430.0,74.0,attention,Attention Challenge,Medium
57,67.0,54.0,95.0,64.0,702.0,79.0,attention,Attention Challenge,Easy
55,64.0,61.0,72.0,79.0,510.0,62.0,attention,Attention Challenge,Easy
69,74.0,68.0,58.0,82.0,481.0,70.0,recall,Word Recall,Easy
88,100.0,55.0,52.0,82.0,470.0,76.0,recall,Number Recall,Easy
89,84.0,64.0,92.0,64.0,696.0,79.0,attention,Attention Challenge,Easy
79,64.0,33.0,78.0,82.0,481.0,100.0,attention,Attention Challenge,Easy
78,92.0,79.0,67.0,66.0,669.0,74.0,reaction,Reaction Test,Medium
66,55.0,86.0,64.0,78.0,522.0,64.0,memory,Memory Match,Easy
72,100.0,75.0,81.0,88.0,405.0,95.0,attention,Attention Challenge,Medium
69,85.0,100.0,81.0,79.0,510.0,89.0,reaction,Reaction Test,Medium
70,96.0,78.0,59.0,76.0,546.0,66.0,recall,Word Recall,Easy
81,55.0,85.0,56.0,77.0,536.0,83.0,memory,Memory Match,Easy
62,77.0,87.0,57.0,77.0,533.0,86.0,recall,Word Recall,Easy
79,73.0,27.0,65.0,79.0,511.0,80.0,attention,Attention Challenge,Easy
71,63.0,74.0,62.0,84.0,456.0,81.0,recall,Word Recall,Easy
83,59.0,47.0,95.0,76.0,551.0,72.0,attention,Attention Challenge,Easy
62,81.0,50.0,65.0,71.0,615.0,83.0,attention,Attention Challenge,Easy
69,82.0,53.0,55.0,90.0,374.0,73.0,attention,Attention Challenge,Easy
81,91.0,63.0,55.0,64.0,706.0,52.0,recall,Word Recall,Easy
61,69.0,78.0,69.0,100.0,250.0,80.0,memory,Memory Match,Medium
57,73.0,75.0,46.0,75.0,559.0,61.0,recall,Word Recall,Easy
83,58.0,68.0,71.0,72.0,606.0,88.0,memory,Memory Match,Easy
78,93.0,79.0,53.0,82.0,478.0,67.0,recall,Word Recall,Easy
57,76.0,80.0,88.0,96.0,295.0,53.0,memory,Memory Match,Medium
74,84.0,75.0,74.0,77.0,538.0,60.0,recall,Word Recall,Medium
69,84.0,42.0,100.0,74.0,570.0,78.0,attention,Attention Challenge,Easy
79,93.0,57.0,69.0,87.0,412.0,80.0,attention,Attention Challenge,Easy
84,65.0,68.0,30.0,84.0,450.0,64.0,recall,Number Recall,Easy
68,83.0,79.0,92.0,67.0,666.0,67.0,reaction,Reaction Test,Medium
61,75.0,48.0,79.0,75.0,564.0,78.0,attention,Attention Challenge,Easy
71,100.0,68.0,81.0,90.0,369.0,88.0,attention,Attention Challenge,Medium
74,65.0,45.0,58.0,72.0,604.0,66.0,attention,Attention Challenge,Easy
90,89.0,83.0,71.0,85.0,438.0,82.0,recall,Word Recall,Medium
63,79.0,72.0,75.0,83.0,457.0,61.0,attention,Attention Challenge,Medium
76,79.0,48.0,69.0,74.0,574.0,81.0,attention,Attention Challenge,Easy
56,76.0,48.0,48.0,75.0,563.0,86.0,attention,Attention Challenge,Easy
78,91.0,74.0,100.0,80.0,502.0,83.0,attention,Attention Challenge,Medium
62,78.0,89.0,84.0,81.0,489.0,88.0,memory,Memory Match,Medium
65,57.0,52.0,78.0,78.0,520.0,87.0,attention,Attention Challenge,Easy
67,90.0,80.0,90.0,84.0,456.0,96.0,attention,Attention Challenge,Medium
71,87.0,60.0,81.0,66.0,681.0,79.0,attention,Attention Challenge,Easy
62,82.0,80.0,63.0,91.0,362.0,96.0,recall,Number Recall,Easy
75,61.0,78.0,89.0,78.0,521.0,69.0,memory,Memory Match,Easy
72,63.0,70.0,84.0,90.0,375.0,76.0,memory,Memory Match,Easy
84,52.0,40.0,63.0,67.0,662.0,77.0,attention,Attention Challenge,Easy
72,81.0,78.0,83.0,78.0,521.0,68.0,attention,Attention Challenge,Medium
85,59.0,76.0,69.0,86.0,423.0,54.0,memory,Memory Match,Easy
86,54.0,74.0,75.0,69.0,632.0,87.0,memory,Memory Match,Easy
65,90.0,71.0,80.0,98.0,275.0,69.0,attention,Attention Challenge,Medium
79,84.0,55.0,91.0,73.0,584.0,74.0,attention,Attention Challenge,Easy
87,71.0,84.0,63.0,65.0,688.0,94.0,recall,Word Recall,Easy
62,73.0,81.0,77.0,74.0,572.0,84.0,memory,Memory Match,Medium
65,46.0,52.0,100.0,81.0,489.0,95.0,memory,Memory Match,Easy
76,86.0,88.0,70.0,88.0,401.0,79.0,recall,Number Recall,Medium
78,67.0,70.0,75.0,66.0,680.0,84.0,reaction,Reaction Test,Medium
71,79.0,70.0,100.0,67.0,661.0,76.0,reaction,Reaction Test,Medium
66,45.0,65.0,81.0,82.0,473.0,70.0,memory,Memory Match,Easy
86,87.0,67.0,51.0,82.0,476.0,84.0,recall,Number Recall,Easy
69,66.0,89.0,61.0,65.0,692.0,74.0,recall,Word Recall,Easy
70,58.0,83.0,82.0,71.0,614.0,84.0,memory,Memory Match,Easy
76,71.0,83.0,78.0,93.0,336.0,72.0,memory,Memory Match,Medium
82,68.0,71.0,74.0,78.0,527.0,76.0,memory,Memory Match,Medium
74,88.0,81.0,100.0,78.0,522.0,77.0,reaction,Reaction Test,Medium
87,70.0,55.0,63.0,74.0,580.0,89.0,attention,Attention Challenge,Easy
64,91.0,77.0,71.0,76.0,551.0,74.0,recall,Word Recall,Medium
86,79.0,66.0,45.0,81.0,488.0,90.0,recall,Number Recall,Easy
87,86.0,37.0,88.0,74.0,571.0,69.0,attention,Attention Challenge,Easy
56,75.0,44.0,61.0,80.0,496.0,81.0,attention,Attention Challenge,Easy
87,90.0,58.0,87.0,43.0,960.0,71.0,reaction,Reaction Test,Easy
87,61.0,74.0,85.0,75.0,565.0,89.0,memory,Memory Match,Easy
67,76.0,58.0,100.0,76.0,548.0,70.0,attention,Attention Challenge,Easy
84,70.0,59.0,81.0,58.0,771.0,71.0,reaction,Reaction Test,Easy
87,92.0,79.0,67.0,89.0,386.0,65.0,recall,Word Recall,Medium
67,93.0,60.0,78.0,77.0,537.0,79.0,attention,Attention Challenge,Easy
80,75.0,88.0,61.0,85.0,436.0,84.0,recall,Word Recall,Easy
76,60.0,85.0,76.0,70.0,626.0,83.0,memory,Memory Match,Easy
56,80.0,68.0,69.0,81.0,491.0,77.0,attention,Attention Challenge,Medium
80,55.0,79.0,71.0,70.0,620.0,71.0,memory,Memory Match,Easy
69,95.0,77.0,59.0,71.0,611.0,75.0,recall,Word Recall,Easy
88,69.0,64.0,76.0,68.0,644.0,76.0,attention,Attention Challenge,Easy
65,75.0,81.0,84.0,71.0,613.0,81.0,reaction,Reaction Test,Medium
57,67.0,83.0,49.0,78.0,523.0,80.0,recall,Number Recall,Easy
60,64.0,54.0,62.0,89.0,382.0,95.0,attention,Attention Challenge,Easy
63,84.0,70.0,74.0,66.0,671.0,78.0,reaction,Reaction Test,Medium
60,73.0,70.0,39.0,62.0,719.0,82.0,recall,Word Recall,Easy
63,76.0,81.0,96.0,85.0,437.0,79.0,memory,Memory Match,Medium
85,63.0,61.0,62.0,69.0,638.0,75.0,attention,Attention Challenge,Easy
86,85.0,59.0,59.0,87.0,410.0,82.0,attention,Attention Challenge,Easy
66,86.0,71.0,69.0,74.0,574.0,74.0,recall,Word Recall,Medium
62,72.0,86.0,74.0,72.0,599.0,77.0,memory,Memory Match,Medium
62,90.0,50.0,61.0,80.0,499.0,90.0,attention,Attention Challenge,Easy
82,74.0,53.0,86.0,75.0,561.0,73.0,attention,Attention Challenge,Easy
74,84.0,60.0,78.0,68.0,652.0,82.0,attention,Attention Challenge,Easy
61,56.0,63.0,60.0,77.0,537.0,53.0,memory,Memory Match,Easy
65,79.0,42.0,65.0,82.0,469.0,76.0,attention,Attention Challenge,Easy
74,72.0,90.0,51.0,88.0,403.0,73.0,recall,Number Recall,Easy
70,77.0,66.0,54.0,80.0,503.0,79.0,recall,Word Recall,Easy
58,76.0,64.0,77.0,87.0,409.0,76.0,attention,Attention Challenge,Easy
60,77.0,92.0,60.0,80.0,505.0,79.0,recall,Word Recall,Easy
76,82.0,79.0,97.0,80.0,494.0,74.0,attention,Attention Challenge,Medium
80,68.0,60.0,73.0,68.0,646.0,82.0,attention,Attention Challenge,Easy
57,82.0,70.0,53.0,75.0,559.0,61.0,recall,Number Recall,Easy
68,90.0,67.0,56.0,52.0,856.0,79.0,reaction,Reaction Test,Easy
65,58.0,90.0,87.0,95.0,308.0,69.0,memory,Memory Match,Easy
72,66.0,65.0,71.0,73.0,588.0,90.0,attention,Attention Challenge,Medium
66,66.0,46.0,86.0,80.0,496.0,68.0,attention,Attention Challenge,Easy
77,62.0,40.0,67.0,85.0,435.0,88.0,attention,Attention Challenge,Easy
66,69.0,90.0,64.0,76.0,546.0,78.0,recall,Number Recall,Easy
67,87.0,56.0,88.0,77.0,537.0,60.0,attention,Attention Challenge,Easy
79,92.0,78.0,60.0,66.0,679.0,69.0,recall,Number Recall,Easy
73,76.0,69.0,79.0,75.0,561.0,86.0,attention,Attention Challenge,Medium
90,71.0,62.0,69.0,83.0,467.0,86.0,attention,Attention Challenge,Easy
62,85.0,64.0,84.0,73.0,590.0,65.0,attention,Attention Challenge,Easy
83,47.0,92.0,97.0,78.0,522.0,94.0,memory,Memory Match,Easy
86,62.0,46.0,67.0,87.0,415.0,78.0,attention,Attention Challenge,Easy
72,47.0,62.0,64.0,78.0,520.0,87.0,memory,Memory Match,Easy
60,62.0,82.0,81.0,74.0,578.0,66.0,memory,Memory Match,Easy
72,66.0,49.0,57.0,75.0,559.0,73.0,attention,Attention Challenge,Easy
73,93.0,88.0,95.0,73.0,590.0,82.0,reaction,Reaction Test,Medium
76,42.0,81.0,92.0,81.0,487.0,75.0,memory,Memory Match,Easy
86,70.0,72.0,58.0,73.0,588.0,49.0,recall,Word Recall,Easy
57,82.0,60.0,50.0,75.0,564.0,76.0,recall,Number Recall,Easy
82,80.0,47.0,56.0,75.0,565.0,58.0,attention,Attention Challenge,Easy
64,93.0,79.0,56.0,76.0,554.0,67.0,recall,Number Recall,Easy
89,77.0,100.0,83.0,55.0,811.0,64.0,reaction,Reaction Test,Easy
83,79.0,70.0,94.0,65.0,683.0,89.0,reaction,Reaction Test,Medium
69,53.0,41.0,83.0,73.0,585.0,92.0,attention,Attention Challenge,Easy
87,63.0,75.0,69.0,84.0,454.0,81.0,memory,Memory Match,Easy
61,54.0,81.0,77.0,79.0,515.0,76.0,memory,Memory Match,Easy
66,82.0,54.0,60.0,60.0,744.0,78.0,attention,Attention Challenge,Easy
84,79.0,58.0,87.0,81.0,482.0,89.0,attention,Attention Challenge,Easy
